frame_id,timestamp,diameter,confidence,is_bad_data,diameter_mm
0,0.0,,1.0,False,
1,0.0333333333333333,,1.0,False,
2,0.0666666666666666,,1.0,True,
3,0.1,,1.0,False,
4,0.1333333333333333,,1.0,False,
5,0.1666666666666666,,1.0,True,
6,0.2,,1.0,False,
7,0.2333333333333333,,1.0,False,
8,0.2666666666666666,,1.0,False,
9,0.3,,1.0,False,
10,0.3333333333333333,,1.0,True,
11,0.3666666666666666,,1.0,False,
12,0.4,,1.0,False,
13,0.4333333333333333,,1.0,False,
14,0.4666666666666667,,1.0,False,
15,0.5,,1.0,False,
16,0.5333333333333333,,1.0,False,
17,0.5666666666666667,,1.0,True,
18,0.6,,1.0,False,
19,0.6333333333333333,,1.0,False,
20,0.6666666666666666,,1.0,False,
21,0.7,,1.0,False,
22,0.7333333333333333,,1.0,False,
23,0.7666666666666666,,1.0,True,
24,0.8,,1.0,False,
25,0.8333333333333334,,1.0,False,
26,0.8666666666666667,,1.0,False,
27,0.9,,1.0,False,
28,0.9333333333333332,,1.0,True,
29,0.9666666666666668,,1.0,False,
30,1.0,,1.0,False,
31,1.0333333333333332,,1.0,False,
32,1.0666666666666669,,1.0,False,
33,1.1,,1.0,False,
34,1.1333333333333333,,0.875,True,
35,1.1666666666666667,,1.0,False,
36,1.2,,1.0,False,
37,1.2333333333333334,,1.0,False,
38,1.2666666666666666,,1.0,True,
39,1.3,,1.0,False,
40,1.3333333333333333,,1.0,False,
41,1.3666666666666667,,1.0,False,
42,1.4,,1.0,False,
43,1.4333333333333331,,1.0,True,
44,1.4666666666666666,,0.9722222089767456,True,
45,1.5,,1.0,False,
46,1.5333333333333332,,1.0,False,
47,1.5666666666666669,,1.0,False,
48,1.6,,1.0,False,
49,1.6333333333333333,,1.0,False,
50,1.6666666666666667,,1.0,False,
51,1.7,,1.0,False,
52,1.7333333333333334,,1.0,False,
53,1.7666666666666666,,1.0,False,
54,1.8,,1.0,True,
55,1.8333333333333333,,1.0,False,
56,1.8666666666666667,,1.0,True,
57,1.9,,1.0,False,
58,1.9333333333333331,,1.0,False,
59,1.9666666666666663,,1.0,False,
60,2.0,,1.0,False,
61,2.033333333333333,,1.0,False,
62,2.0666666666666664,,0.9861111044883728,True,
63,2.1,,1.0,False,
64,2.1333333333333333,,1.0,False,
65,2.1666666666666665,,1.0,True,
66,2.2,,1.0,False,
67,2.2333333333333334,,1.0,False,
68,2.2666666666666666,,1.0,False,
69,2.3,,1.0,False,
70,2.3333333333333335,,1.0,False,
71,2.3666666666666667,,1.0,True,
72,2.4,,1.0,False,
73,2.433333333333333,,1.0,False,
74,2.466666666666667,,1.0,False,
75,2.5,,1.0,True,
76,2.533333333333333,,1.0,False,
77,2.5666666666666664,,1.0,False,
78,2.6,,1.0,False,
79,2.6333333333333333,,1.0,False,
80,2.6666666666666665,,1.0,False,
81,2.7,,1.0,False,
82,2.7333333333333334,,1.0,False,
83,2.7666666666666666,,1.0,False,
84,2.8,,1.0,True,
85,2.8333333333333335,,1.0,False,
86,2.8666666666666667,,1.0,False,
87,2.9,,1.0,False,
88,2.933333333333333,,1.0,False,
89,2.966666666666667,,1.0,False,
90,3.0,,1.0,False,
91,3.033333333333333,,1.0,False,
92,3.0666666666666664,,1.0,False,
93,3.1,,0.875,True,
94,3.1333333333333333,,1.0,False,
95,3.1666666666666665,,1.0,False,
96,3.2,,1.0,False,
97,3.2333333333333334,,1.0,True,
98,3.2666666666666666,,0.9583333432674408,False,
99,3.3,,1.0,False,
100,3.3333333333333335,,0.9305555522441864,True,
101,3.3666666666666667,,1.0,False,
102,3.4,,1.0,False,
103,3.433333333333333,,0.9861111044883728,False,
104,3.466666666666667,,1.0,False,
105,3.5,,1.0,True,
106,3.533333333333333,,1.0,False,
107,3.5666666666666664,,1.0,False,
108,3.6,,1.0,False,
109,3.6333333333333337,,1.0,False,
110,3.6666666666666665,,1.0,False,
111,3.7,,0.9861111044883728,False,
112,3.7333333333333334,,1.0,False,
113,3.7666666666666666,,1.0,False,
114,3.8,,1.0,True,
115,3.8333333333333335,,0.9861111044883728,True,
116,3.8666666666666663,,1.0,False,
117,3.9,,0.957142859697342,False,
118,3.933333333333333,,,True,
119,3.966666666666667,,0.9444444179534912,False,
120,4.0,,0.9583333432674408,False,
121,4.033333333333333,,0.9722222089767456,False,
122,4.066666666666666,,0.9722222089767456,True,
123,4.1,,0.7777777910232544,False,
124,4.133333333333333,,0.9705882370471954,False,
125,4.166666666666667,,0.9444444477558136,True,
126,4.2,,0.9583333134651184,True,
127,4.233333333333333,,0.8333333134651184,False,
128,4.266666666666667,,0.9444444179534912,False,
129,4.3,,0.875,True,
130,4.333333333333333,,0.8888888955116272,False,
131,4.366666666666666,,1.0,True,
132,4.4,,0.9583333134651184,False,
133,4.433333333333334,,0.9861111044883728,True,
134,4.466666666666667,,0.9444444477558136,False,
135,4.5,,0.9444444477558136,False,
136,4.533333333333333,,0.9027777910232544,False,
137,4.566666666666666,,1.0,False,
138,4.6,,1.0,False,
139,4.633333333333333,,1.0,False,
140,4.666666666666667,,0.9583333432674408,False,
141,4.7,,1.0,False,
142,4.733333333333333,,1.0,False,
143,4.766666666666667,,1.0,False,
144,4.8,,1.0,False,
145,4.833333333333333,,1.0,False,
146,4.866666666666666,,1.0,False,
147,4.9,,1.0,False,
148,4.933333333333334,,1.0,False,
149,4.966666666666667,,1.0,False,
150,5.0,,1.0,False,
151,5.033333333333333,,1.0,False,
152,5.066666666666666,,1.0,True,
153,5.1,,1.0,False,
154,5.133333333333333,,1.0,True,
155,5.166666666666667,,1.0,False,
156,5.2,,1.0,False,
157,5.233333333333333,,1.0,False,
158,5.266666666666667,,1.0,False,
159,5.3,,1.0,False,
160,5.333333333333333,,1.0,False,
161,5.366666666666666,,1.0,False,
162,5.4,,0.9166666567325592,True,
163,5.433333333333334,,1.0,False,
164,5.466666666666667,,1.0,False,
165,5.5,,0.9305555522441864,True,
166,5.533333333333333,,0.9027777910232544,True,
167,5.566666666666666,,1.0,False,
168,5.6,,1.0,False,
169,5.633333333333333,,1.0,False,
170,5.666666666666667,,0.9583333432674408,False,
171,5.7,,1.0,False,
172,5.733333333333333,,0.9027777910232544,True,
173,5.766666666666667,,0.9027777910232544,True,
174,5.8,,1.0,False,
175,5.833333333333333,,1.0,False,
176,5.866666666666666,,1.0,False,
177,5.9,,0.9305555522441864,True,
178,5.933333333333334,,1.0,False,
179,5.966666666666667,,0.9166666567325592,True,
180,6.0,,0.9583333432674408,True,
181,6.033333333333333,,1.0,True,
182,6.066666666666666,,1.0,False,
183,6.1,,1.0,False,
184,6.133333333333333,,1.0,True,
185,6.166666666666667,,1.0,False,
186,6.2,,1.0,False,
187,6.233333333333333,,0.9722222089767456,True,
188,6.266666666666667,,1.0,False,
189,6.3,,1.0,False,
190,6.333333333333333,,0.9166666567325592,True,
191,6.366666666666666,,1.0,False,
192,6.4,,1.0,False,
193,6.433333333333334,,0.9583333432674408,True,
194,6.466666666666667,,0.9583333432674408,True,
195,6.5,,0.9027777910232544,False,
196,6.533333333333333,,0.8888888955116272,True,
197,6.566666666666666,,1.0,True,
198,6.6,,1.0,True,
199,6.633333333333333,,1.0,False,
200,6.666666666666667,,1.0,False,
201,6.7,,1.0,True,
202,6.733333333333333,,1.0,False,
203,6.766666666666667,,1.0,False,
204,6.8,,1.0,False,
205,6.833333333333333,,0.9166666567325592,True,
206,6.866666666666666,,1.0,False,
207,6.8999999999999995,,1.0,True,
208,6.933333333333334,,0.9722222089767456,True,
209,6.966666666666667,,0.9583333432674408,True,
210,7.0,,1.0,True,
211,7.033333333333333,,0.9444444477558136,True,
212,7.066666666666666,,0.9861111044883728,True,
213,7.1,,1.0,True,
214,7.133333333333333,,1.0,False,
215,7.166666666666667,,1.0,False,
216,7.2,,0.9444444477558136,True,
217,7.233333333333333,,0.875,True,
218,7.266666666666667,,1.0,False,
219,7.3,,1.0,False,
220,7.333333333333333,,1.0,False,
221,7.366666666666666,,1.0,False,
222,7.4,,1.0,False,
223,7.433333333333334,,0.9138655364513396,True,
224,7.466666666666667,,,True,
225,7.5,,,True,
226,7.533333333333333,,1.0,True,
227,7.566666666666666,,1.0,False,
228,7.6,,0.9411764740943908,False,
229,7.633333333333333,,0.9861111044883728,True,
230,7.666666666666667,,1.0,False,
231,7.7,,1.0,False,
232,7.733333333333333,,1.0,False,
233,7.766666666666667,,1.0,True,
234,7.8,,1.0,False,
235,7.833333333333333,,1.0,False,
236,7.866666666666666,,1.0,False,
237,7.9,,1.0,True,
238,7.933333333333334,,1.0,False,
239,7.966666666666667,,1.0,False,
240,8.0,,1.0,False,
241,8.033333333333333,,1.0,True,
242,8.066666666666666,,1.0,False,
243,8.1,,1.0,False,
244,8.133333333333333,,1.0,True,
245,8.166666666666666,,1.0,False,
246,8.2,,1.0,True,
247,8.233333333333333,,1.0,False,
248,8.266666666666666,,1.0,False,
249,8.3,,1.0,False,
250,8.333333333333334,,1.0,False,
251,8.366666666666667,,1.0,False,
252,8.4,,1.0,False,
253,8.433333333333334,,1.0,False,
254,8.466666666666667,,1.0,False,
255,8.5,,1.0,False,
256,8.533333333333333,,1.0,False,
257,8.566666666666666,,1.0,False,
258,8.6,,1.0,True,
259,8.633333333333333,,1.0,False,
260,8.666666666666666,,1.0,True,
261,8.7,,1.0,False,
262,8.733333333333333,,1.0,False,
263,8.766666666666666,,1.0,True,
264,8.8,,1.0,False,
265,8.833333333333334,,1.0,True,
266,8.866666666666667,,1.0,False,
267,8.9,,1.0,False,
268,8.933333333333334,,1.0,False,
269,8.966666666666667,,1.0,True,
270,9.0,,1.0,False,
271,9.033333333333331,,1.0,False,
272,9.066666666666666,,1.0,True,
273,9.1,,1.0,True,
274,9.133333333333333,,1.0,True,
275,9.166666666666666,,1.0,False,
276,9.2,,1.0,False,
277,9.233333333333333,,1.0,False,
278,9.266666666666666,,1.0,False,
279,9.3,,1.0,False,
280,9.333333333333334,,0.9861111044883728,True,
281,9.366666666666667,,1.0,False,
282,9.4,,1.0,False,
283,9.433333333333334,,1.0,False,
284,9.466666666666669,,1.0,False,
285,9.5,,1.0,False,
286,9.533333333333331,,1.0,False,
287,9.566666666666666,,1.0,False,
288,9.6,,1.0,False,
289,9.633333333333333,,1.0,False,
290,9.666666666666666,,1.0,False,
291,9.7,,1.0,False,
292,9.733333333333333,,1.0,False,
293,9.766666666666666,,1.0,False,
294,9.8,,1.0,False,
295,9.833333333333334,,1.0,False,
296,9.866666666666667,,1.0,False,
297,9.9,,1.0,False,
298,9.933333333333334,,1.0,False,
299,9.966666666666669,,1.0,False,
300,10.0,,1.0,True,
301,10.033333333333331,,1.0,False,
302,10.066666666666666,,1.0,False,
303,10.1,,1.0,False,
304,10.133333333333333,,1.0,True,
305,10.166666666666666,,1.0,False,
306,10.2,,1.0,False,
307,10.233333333333333,,1.0,True,
308,10.266666666666666,,1.0,False,
309,10.3,,1.0,False,
310,10.333333333333334,,1.0,False,
311,10.366666666666667,,1.0,True,
312,10.4,,1.0,False,
313,10.433333333333334,,1.0,False,
314,10.466666666666669,,1.0,False,
315,10.5,,1.0,False,
316,10.533333333333331,,1.0,True,
317,10.566666666666666,,1.0,False,
318,10.6,,1.0,True,
319,10.633333333333333,,1.0,False,
320,10.666666666666666,,1.0,True,
321,10.7,,1.0,False,
322,10.733333333333333,,1.0,False,
323,10.766666666666666,,1.0,False,
324,10.8,,1.0,False,
325,10.833333333333334,,1.0,False,
326,10.866666666666667,,1.0,False,
327,10.9,,1.0,True,
328,10.933333333333334,,1.0,False,
329,10.966666666666669,,1.0,False,
330,11.0,,1.0,False,
331,11.033333333333331,,0.9166666567325592,True,
332,11.066666666666666,,1.0,True,
333,11.1,,1.0,False,
334,11.133333333333333,,1.0,True,
335,11.166666666666666,,1.0,False,
336,11.2,,1.0,False,
337,11.233333333333333,,1.0,False,
338,11.266666666666666,,1.0,False,
339,11.3,,1.0,False,
340,11.333333333333334,,1.0,False,
341,11.366666666666667,,1.0,False,
342,11.4,,1.0,False,
343,11.433333333333334,,1.0,False,
344,11.466666666666669,,1.0,True,
345,11.5,,1.0,False,
346,11.533333333333331,,1.0,False,
347,11.566666666666666,,1.0,False,
348,11.6,,1.0,False,
349,11.633333333333333,,1.0,False,
350,11.666666666666666,,1.0,False,
351,11.7,,1.0,False,
352,11.733333333333333,,1.0,True,
353,11.766666666666666,,1.0,True,
354,11.8,,1.0,False,
355,11.833333333333334,,1.0,False,
356,11.866666666666667,,1.0,False,
357,11.9,,1.0,True,
358,11.933333333333334,,1.0,True,
359,11.966666666666669,,1.0,False,
360,12.0,,0.9861111044883728,True,
361,12.033333333333331,,1.0,False,
362,12.066666666666666,,1.0,True,
363,12.1,,1.0,False,
364,12.133333333333333,,1.0,True,
365,12.166666666666666,,1.0,False,
366,12.2,,1.0,False,
367,12.233333333333333,,1.0,False,
368,12.266666666666666,,1.0,False,
369,12.3,,1.0,False,
370,12.333333333333334,,1.0,True,
371,12.366666666666667,,1.0,False,
372,12.4,,1.0,False,
373,12.433333333333334,,1.0,False,
374,12.466666666666669,,1.0,False,
375,12.5,,1.0,False,
376,12.533333333333331,,1.0,False,
377,12.566666666666666,,1.0,False,
378,12.6,,1.0,True,
379,12.633333333333333,,1.0,False,
380,12.666666666666666,,1.0,False,
381,12.7,,1.0,False,
382,12.733333333333333,,1.0,False,
383,12.766666666666666,,1.0,False,
384,12.8,,1.0,False,
385,12.833333333333334,,1.0,False,
386,12.866666666666667,,1.0,False,
387,12.9,,1.0,False,
388,12.933333333333334,,1.0,False,
389,12.966666666666669,,1.0,True,
390,13.0,,1.0,False,
391,13.033333333333331,,1.0,False,
392,13.066666666666666,,1.0,True,
393,13.1,,1.0,False,
394,13.133333333333333,,1.0,False,
395,13.166666666666666,,1.0,False,
396,13.2,,1.0,False,
397,13.233333333333333,,1.0,True,
398,13.266666666666666,,1.0,False,
399,13.3,,1.0,False,
400,13.333333333333334,,1.0,False,
401,13.366666666666667,,1.0,False,
402,13.4,,1.0,True,
403,13.433333333333334,,1.0,False,
404,13.466666666666669,,1.0,False,
405,13.5,,1.0,False,
406,13.533333333333331,,1.0,False,
407,13.566666666666666,,1.0,False,
408,13.6,,1.0,False,
409,13.633333333333333,,1.0,False,
410,13.666666666666666,,1.0,False,
411,13.7,,1.0,False,
412,13.733333333333333,,1.0,False,
413,13.766666666666666,,1.0,True,
414,13.8,,1.0,False,
415,13.833333333333334,,1.0,False,
416,13.866666666666667,,1.0,False,
417,13.9,,1.0,False,
418,13.933333333333334,,1.0,False,
419,13.966666666666669,,1.0,False,
420,14.0,,1.0,False,
421,14.033333333333331,,1.0,False,
422,14.066666666666666,,1.0,False,
423,14.1,,1.0,False,
424,14.133333333333333,,1.0,False,
425,14.166666666666666,,1.0,False,
426,14.2,,1.0,False,
427,14.233333333333333,,1.0,False,
428,14.266666666666666,,1.0,False,
429,14.3,,1.0,False,
430,14.333333333333334,,1.0,False,
431,14.366666666666667,,1.0,False,
432,14.4,,1.0,False,
433,14.433333333333334,,1.0,False,
434,14.466666666666669,,1.0,False,
435,14.5,,1.0,False,
436,14.533333333333331,,1.0,False,
437,14.566666666666666,,1.0,True,
438,14.6,,1.0,True,
439,14.633333333333333,,1.0,False,
440,14.666666666666666,,1.0,False,
441,14.7,,1.0,False,
442,14.733333333333333,,1.0,True,
443,14.766666666666666,,1.0,False,
444,14.8,,1.0,False,
445,14.833333333333334,,1.0,False,
446,14.866666666666667,,1.0,False,
447,14.9,,1.0,False,
448,14.933333333333334,,1.0,False,
449,14.966666666666669,,1.0,False,
450,15.0,,1.0,True,
451,15.033333333333331,,1.0,False,
452,15.066666666666666,,1.0,False,
453,15.1,,1.0,False,
454,15.133333333333333,,1.0,False,
455,15.166666666666666,,1.0,False,
456,15.2,,1.0,False,
457,15.233333333333333,,1.0,False,
458,15.266666666666666,,1.0,False,
459,15.3,,1.0,False,
460,15.333333333333334,,1.0,False,
461,15.366666666666667,,1.0,False,
462,15.4,,1.0,False,
463,15.433333333333334,,1.0,False,
464,15.466666666666669,,1.0,False,
465,15.5,,1.0,True,
466,15.533333333333331,,1.0,False,
467,15.566666666666666,,1.0,False,
468,15.6,,1.0,False,
469,15.633333333333333,,1.0,True,
470,15.666666666666666,,1.0,False,
471,15.7,,1.0,False,
472,15.733333333333333,,1.0,False,
473,15.766666666666666,,1.0,False,
474,15.8,,1.0,False,
475,15.833333333333334,,1.0,False,
476,15.866666666666667,,1.0,False,
477,15.9,,1.0,False,
478,15.933333333333334,,1.0,True,
479,15.966666666666669,,1.0,False,
480,16.0,,1.0,False,
481,16.03333333333333,,1.0,False,
482,16.066666666666666,,1.0,False,
483,16.1,,1.0,False,
484,16.133333333333333,,1.0,True,
485,16.166666666666668,,1.0,False,
486,16.2,,1.0,False,
487,16.233333333333334,,1.0,False,
488,16.266666666666666,,1.0,False,
489,16.3,,1.0,False,
490,16.333333333333332,,1.0,False,
491,16.366666666666667,,1.0,False,
492,16.4,,1.0,False,
493,16.433333333333334,,1.0,False,
494,16.466666666666665,,1.0,False,
495,16.5,,1.0,False,
496,16.53333333333333,,1.0,False,
497,16.566666666666666,,1.0,False,
498,16.6,,1.0,False,
499,16.633333333333333,,1.0,False,
500,16.666666666666668,,1.0,True,
501,16.7,,1.0,False,
502,16.733333333333334,,1.0,False,
503,16.766666666666666,,1.0,False,
504,16.8,,1.0,False,
505,16.833333333333332,,1.0,False,
506,16.866666666666667,,1.0,False,
507,16.9,,1.0,False,
508,16.933333333333334,,1.0,False,
509,16.966666666666665,,1.0,False,
510,17.0,,1.0,False,
511,17.03333333333333,,1.0,False,
512,17.066666666666666,,1.0,False,
513,17.1,,1.0,False,
514,17.133333333333333,,1.0,True,
515,17.166666666666668,,1.0,False,
516,17.2,,1.0,False,
517,17.233333333333334,,1.0,False,
518,17.266666666666666,,1.0,False,
519,17.3,,1.0,False,
520,17.333333333333332,,1.0,True,
521,17.366666666666667,,1.0,False,
522,17.4,,1.0,False,
523,17.433333333333334,,1.0,False,
524,17.466666666666665,,1.0,False,
525,17.5,,1.0,False,
526,17.53333333333333,,1.0,True,
527,17.566666666666666,,1.0,False,
528,17.6,,1.0,False,
529,17.633333333333333,,1.0,False,
530,17.666666666666668,,1.0,False,
531,17.7,,1.0,True,
532,17.733333333333334,,1.0,False,
533,17.766666666666666,,1.0,False,
534,17.8,,1.0,False,
535,17.833333333333332,,1.0,False,
536,17.866666666666667,,1.0,True,
537,17.9,,1.0,False,
538,17.933333333333334,,1.0,False,
539,17.966666666666665,,1.0,False,
540,18.0,,1.0,False,
541,18.03333333333333,,1.0,False,
542,18.066666666666663,,1.0,True,
543,18.1,,1.0,False,
544,18.133333333333333,,1.0,False,
545,18.166666666666668,,1.0,False,
546,18.2,,1.0,False,
547,18.233333333333334,,1.0,False,
548,18.266666666666666,,1.0,False,
549,18.3,,1.0,False,
550,18.333333333333332,,1.0,False,
551,18.366666666666667,,1.0,False,
552,18.4,,1.0,False,
553,18.433333333333337,,1.0,False,
554,18.466666666666665,,1.0,False,
555,18.5,,1.0,True,
556,18.53333333333333,,1.0,False,
557,18.566666666666663,,1.0,False,
558,18.6,,1.0,False,
559,18.633333333333333,,1.0,False,
560,18.666666666666668,,1.0,False,
561,18.7,,1.0,False,
562,18.733333333333334,,1.0,False,
563,18.766666666666666,,1.0,True,
564,18.8,,1.0,False,
565,18.833333333333332,,1.0,False,
566,18.866666666666667,,1.0,False,
567,18.9,,1.0,False,
568,18.933333333333337,,1.0,False,
569,18.966666666666665,,1.0,False,
570,19.0,,1.0,False,
571,19.03333333333333,,1.0,False,
572,19.066666666666663,,1.0,True,
573,19.1,,1.0,False,
574,19.133333333333333,,1.0,False,
575,19.166666666666668,,1.0,False,
576,19.2,,1.0,False,
577,19.233333333333334,,1.0,False,
578,19.266666666666666,,1.0,False,
579,19.3,,1.0,False,
580,19.333333333333332,,1.0,False,
581,19.366666666666667,,1.0,False,
582,19.4,,1.0,False,
583,19.433333333333337,,1.0,False,
584,19.466666666666665,,1.0,False,
585,19.5,,1.0,False,
586,19.53333333333333,,1.0,False,
587,19.566666666666663,,1.0,False,
588,19.6,,1.0,False,
589,19.633333333333333,,1.0,True,
590,19.666666666666668,,1.0,False,
591,19.7,,1.0,False,
592,19.733333333333334,,1.0,True,
593,19.766666666666666,,1.0,False,
594,19.8,,1.0,False,
595,19.833333333333332,,1.0,False,
596,19.866666666666667,,1.0,False,
597,19.9,,1.0,False,
598,19.933333333333337,,1.0,False,
599,19.966666666666665,,1.0,False,
600,20.0,,1.0,False,
601,20.03333333333333,,1.0,False,
602,20.066666666666663,,1.0,False,
603,20.1,,1.0,False,
604,20.133333333333333,,1.0,False,
605,20.166666666666668,,1.0,False,
606,20.2,,1.0,False,
607,20.233333333333334,,1.0,False,
608,20.266666666666666,,1.0,True,
609,20.3,,1.0,False,
610,20.333333333333332,,1.0,False,
611,20.366666666666667,,1.0,True,
612,20.4,,1.0,False,
613,20.433333333333337,,1.0,False,
614,20.466666666666665,,1.0,False,
615,20.5,,1.0,False,
616,20.53333333333333,,1.0,False,
617,20.566666666666663,,1.0,False,
618,20.6,,1.0,False,
619,20.633333333333333,,1.0,False,
620,20.666666666666668,,1.0,False,
621,20.7,,1.0,False,
622,20.733333333333334,,1.0,False,
623,20.766666666666666,,1.0,False,
624,20.8,,1.0,False,
625,20.833333333333332,,1.0,True,
626,20.866666666666667,,1.0,False,
627,20.9,,1.0,False,
628,20.933333333333337,,1.0,False,
629,20.966666666666665,,1.0,False,
630,21.0,,1.0,False,
631,21.03333333333333,,1.0,False,
632,21.066666666666663,,1.0,False,
633,21.1,,1.0,False,
634,21.133333333333333,,1.0,False,
635,21.166666666666668,,1.0,False,
636,21.2,,1.0,False,
637,21.233333333333334,,1.0,False,
638,21.266666666666666,,1.0,True,
639,21.3,,1.0,False,
640,21.333333333333332,,1.0,False,
641,21.366666666666667,,1.0,True,
642,21.4,,1.0,False,
643,21.433333333333337,,1.0,False,
644,21.466666666666665,,1.0,False,
645,21.5,,1.0,False,
646,21.53333333333333,,1.0,False,
647,21.566666666666663,,1.0,False,
648,21.6,,1.0,False,
649,21.633333333333333,,1.0,False,
650,21.666666666666668,,1.0,False,
651,21.7,,1.0,False,
652,21.733333333333334,,1.0,True,
653,21.766666666666666,,1.0,False,
654,21.8,,1.0,False,
655,21.833333333333332,,1.0,False,
656,21.866666666666667,,1.0,False,
657,21.9,,1.0,True,
658,21.933333333333337,,1.0,False,
659,21.966666666666665,,1.0,False,
660,22.0,,1.0,False,
661,22.03333333333333,,1.0,False,
662,22.066666666666663,,1.0,False,
663,22.1,,1.0,False,
664,22.133333333333333,,1.0,False,
665,22.166666666666668,,1.0,True,
666,22.2,,1.0,False,
667,22.233333333333334,,1.0,False,
668,22.266666666666666,,1.0,True,
669,22.3,,1.0,False,
670,22.333333333333332,,1.0,False,
671,22.366666666666667,,1.0,False,
672,22.4,,1.0,False,
673,22.433333333333337,,1.0,False,
674,22.466666666666665,,1.0,False,
675,22.5,,1.0,False,
676,22.53333333333333,,1.0,True,
677,22.566666666666663,,1.0,False,
678,22.6,,1.0,False,
679,22.633333333333333,,1.0,False,
680,22.666666666666668,,1.0,False,
681,22.7,,1.0,False,
682,22.733333333333334,,1.0,False,
683,22.766666666666666,,1.0,True,
684,22.8,,1.0,False,
685,22.833333333333332,,1.0,True,
686,22.866666666666667,,1.0,True,
687,22.9,,1.0,False,
688,22.933333333333337,,1.0,False,
689,22.966666666666665,,1.0,True,
690,23.0,,1.0,False,
691,23.03333333333333,,1.0,True,
692,23.066666666666663,,1.0,False,
693,23.1,,1.0,False,
694,23.133333333333333,,1.0,False,
695,23.166666666666668,,1.0,False,
696,23.2,,1.0,True,
697,23.233333333333334,,1.0,False,
698,23.266666666666666,,1.0,False,
699,23.3,,1.0,False,
700,23.333333333333332,,1.0,False,
701,23.366666666666667,,1.0,False,
702,23.4,,1.0,False,
703,23.433333333333337,,1.0,False,
704,23.466666666666665,,1.0,False,
705,23.5,,1.0,False,
706,23.53333333333333,,1.0,True,
707,23.566666666666663,,1.0,True,
708,23.6,,1.0,True,
709,23.633333333333333,,1.0,False,
710,23.666666666666668,,1.0,False,
711,23.7,,1.0,True,
712,23.733333333333334,,1.0,True,
713,23.766666666666666,,1.0,False,
714,23.8,,1.0,False,
715,23.833333333333332,,1.0,False,
716,23.866666666666667,,1.0,False,
717,23.9,,1.0,False,
718,23.933333333333337,,1.0,False,
719,23.966666666666665,,1.0,False,
720,24.0,,1.0,False,
721,24.03333333333333,,1.0,False,
722,24.066666666666663,,1.0,False,
723,24.1,,1.0,False,
724,24.133333333333333,,1.0,True,
725,24.166666666666668,,1.0,False,
726,24.2,,1.0,False,
727,24.233333333333334,,1.0,False,
728,24.266666666666666,,1.0,False,
729,24.3,,1.0,False,
730,24.333333333333332,,1.0,False,
731,24.366666666666667,,1.0,False,
732,24.4,,1.0,False,
733,24.433333333333337,,1.0,False,
734,24.466666666666665,,1.0,False,
735,24.5,,1.0,False,
736,24.53333333333333,,1.0,False,
737,24.566666666666663,,1.0,False,
738,24.6,,1.0,False,
739,24.633333333333333,,1.0,False,
740,24.666666666666668,,1.0,False,
741,24.7,,1.0,True,
742,24.733333333333334,,1.0,False,
743,24.766666666666666,,1.0,False,
744,24.8,,1.0,False,
745,24.833333333333332,,1.0,False,
746,24.866666666666667,,1.0,True,
747,24.9,,1.0,False,
748,24.933333333333337,,1.0,False,
749,24.966666666666665,,1.0,False,
750,25.0,,1.0,False,
751,25.03333333333333,,1.0,False,
752,25.066666666666663,,1.0,False,
753,25.1,,1.0,True,
754,25.133333333333333,,1.0,False,
755,25.166666666666668,,1.0,False,
756,25.2,,1.0,False,
757,25.233333333333334,,1.0,False,
758,25.266666666666666,,1.0,False,
759,25.3,,1.0,False,
760,25.333333333333332,,1.0,False,
761,25.366666666666667,,1.0,True,
762,25.4,,0.9861111044883728,True,
763,25.433333333333337,,1.0,False,
764,25.466666666666665,,1.0,False,
765,25.5,,1.0,False,
766,25.53333333333333,,1.0,False,
767,25.566666666666663,,1.0,False,
768,25.6,,1.0,False,
769,25.633333333333333,,1.0,True,
770,25.666666666666668,,1.0,False,
771,25.7,,1.0,False,
772,25.733333333333334,,1.0,True,
773,25.766666666666666,,1.0,False,
774,25.8,,1.0,False,
775,25.833333333333332,,1.0,True,
776,25.866666666666667,,1.0,False,
777,25.9,,1.0,False,
778,25.933333333333337,,0.9861111044883728,True,
779,25.966666666666665,,1.0,False,
780,26.0,,1.0,False,
781,26.03333333333333,,1.0,False,
782,26.066666666666663,,1.0,False,
783,26.1,,1.0,False,
784,26.133333333333333,,1.0,False,
785,26.166666666666668,,1.0,False,
786,26.2,,1.0,False,
787,26.233333333333334,,1.0,False,
788,26.266666666666666,,1.0,False,
789,26.3,,1.0,False,
790,26.333333333333332,,1.0,False,
791,26.366666666666667,,1.0,False,
792,26.4,,1.0,False,
793,26.433333333333337,,1.0,False,
794,26.466666666666665,,1.0,True,
795,26.5,,1.0,False,
796,26.53333333333333,,1.0,False,
797,26.566666666666663,,1.0,False,
798,26.6,,1.0,False,
799,26.633333333333333,,1.0,False,
800,26.666666666666668,,1.0,False,
801,26.7,,1.0,False,
802,26.733333333333334,,1.0,False,
803,26.766666666666666,,1.0,False,
804,26.8,,1.0,False,
805,26.833333333333332,,1.0,False,
806,26.866666666666667,,1.0,False,
807,26.9,,1.0,False,
808,26.933333333333337,,1.0,False,
809,26.966666666666665,,1.0,False,
810,27.0,,1.0,True,
811,27.03333333333333,,1.0,False,
812,27.066666666666663,,0.9861111044883728,True,
813,27.1,,1.0,False,
814,27.133333333333333,,1.0,False,
815,27.166666666666668,,1.0,False,
816,27.2,,1.0,False,
817,27.233333333333334,,1.0,False,
818,27.266666666666666,,1.0,False,
819,27.3,,1.0,True,
820,27.333333333333332,,1.0,False,
821,27.366666666666667,,1.0,False,
822,27.4,,1.0,False,
823,27.433333333333337,,1.0,False,
824,27.466666666666665,,1.0,False,
825,27.5,,1.0,False,
826,27.53333333333333,,1.0,False,
827,27.566666666666663,,1.0,False,
828,27.6,,1.0,False,
829,27.633333333333333,,1.0,False,
830,27.666666666666668,,1.0,False,
831,27.7,,1.0,False,
832,27.733333333333334,,1.0,False,
833,27.766666666666666,,1.0,False,
834,27.8,,1.0,False,
835,27.833333333333332,,1.0,False,
836,27.866666666666667,,1.0,False,
837,27.9,,1.0,False,
838,27.933333333333337,,1.0,False,
839,27.966666666666665,,1.0,False,
840,28.0,,1.0,False,
841,28.03333333333333,,1.0,True,
842,28.066666666666663,,1.0,False,
843,28.1,,1.0,True,
844,28.133333333333333,,1.0,False,
845,28.166666666666668,,1.0,False,
846,28.2,,1.0,False,
847,28.233333333333334,,1.0,False,
848,28.266666666666666,,1.0,False,
849,28.3,,1.0,False,
850,28.333333333333332,,1.0,True,
851,28.366666666666667,,1.0,False,
852,28.4,,1.0,True,
853,28.433333333333337,,1.0,False,
854,28.466666666666665,,1.0,False,
855,28.5,,1.0,True,
856,28.53333333333333,,1.0,False,
857,28.566666666666663,,1.0,False,
858,28.6,,1.0,False,
859,28.633333333333333,,1.0,False,
860,28.666666666666668,,1.0,False,
861,28.7,,1.0,False,
862,28.733333333333334,,1.0,False,
863,28.766666666666666,,1.0,False,
864,28.8,,1.0,False,
865,28.833333333333332,,1.0,False,
866,28.866666666666667,,1.0,False,
867,28.9,,1.0,False,
868,28.933333333333337,,1.0,False,
869,28.966666666666665,,1.0,True,
870,29.0,,1.0,True,
871,29.03333333333333,,1.0,False,
872,29.066666666666663,,1.0,False,
873,29.1,,1.0,False,
874,29.133333333333333,,1.0,False,
875,29.166666666666668,,1.0,False,
876,29.2,,1.0,False,
877,29.233333333333334,,1.0,False,
878,29.266666666666666,,1.0,False,
879,29.3,,1.0,False,
880,29.333333333333332,,1.0,False,
881,29.366666666666667,,1.0,False,
882,29.4,,1.0,False,
883,29.433333333333337,,1.0,False,
884,29.466666666666665,,1.0,False,
885,29.5,,1.0,False,
886,29.53333333333333,,1.0,False,
887,29.566666666666663,,1.0,False,
888,29.6,,1.0,False,
889,29.633333333333333,,1.0,False,
890,29.666666666666668,,1.0,True,
891,29.7,,1.0,False,
892,29.733333333333334,,1.0,False,
893,29.766666666666666,,1.0,False,
894,29.8,,1.0,False,
895,29.833333333333332,,1.0,True,
896,29.866666666666667,,1.0,False,
897,29.9,,1.0,False,
898,29.933333333333337,,1.0,False,
899,29.966666666666665,,1.0,False,
900,30.0,,1.0,False,
901,30.03333333333333,,1.0,False,
902,30.066666666666663,,1.0,False,
903,30.1,,1.0,False,
904,30.133333333333333,,1.0,False,
905,30.166666666666668,,1.0,False,
906,30.2,,1.0,False,
907,30.233333333333334,,1.0,False,
908,30.266666666666666,,1.0,False,
909,30.3,,1.0,False,
910,30.333333333333332,,1.0,False,
911,30.366666666666667,,1.0,False,
912,30.4,,1.0,False,
913,30.433333333333337,,1.0,False,
914,30.466666666666665,,1.0,True,
915,30.5,,1.0,True,
916,30.53333333333333,,1.0,True,
917,30.566666666666663,,1.0,False,
918,30.6,,1.0,False,
919,30.633333333333333,,1.0,False,
920,30.666666666666668,,1.0,False,
921,30.7,,1.0,False,
922,30.733333333333334,,1.0,False,
923,30.766666666666666,,1.0,False,
924,30.8,,1.0,False,
925,30.833333333333332,,1.0,False,
926,30.866666666666667,,1.0,False,
927,30.9,,1.0,False,
928,30.933333333333337,,1.0,False,
929,30.966666666666665,,1.0,False,
930,31.0,,1.0,False,
931,31.03333333333333,,1.0,True,
932,31.066666666666663,,1.0,False,
933,31.1,,1.0,False,
934,31.133333333333333,,1.0,False,
935,31.166666666666668,,1.0,False,
936,31.2,,1.0,False,
937,31.233333333333334,,1.0,False,
938,31.266666666666666,,1.0,False,
939,31.3,,1.0,False,
940,31.333333333333332,,1.0,False,
941,31.366666666666667,,1.0,False,
942,31.4,,1.0,False,
943,31.433333333333337,,1.0,False,
944,31.466666666666665,,1.0,True,
945,31.5,,1.0,False,
946,31.53333333333333,,0.9861111044883728,True,
947,31.566666666666663,,1.0,False,
948,31.6,,1.0,False,
949,31.633333333333333,,1.0,False,
950,31.666666666666668,,1.0,False,
951,31.7,,1.0,True,
952,31.733333333333334,,1.0,False,
953,31.766666666666666,,1.0,False,
954,31.8,,1.0,False,
955,31.833333333333332,,1.0,False,
956,31.866666666666667,,1.0,False,
957,31.9,,1.0,False,
958,31.933333333333337,,1.0,False,
959,31.966666666666665,,1.0,False,
960,32.0,,1.0,False,
961,32.03333333333333,,1.0,False,
962,32.06666666666666,,1.0,False,
963,32.1,,1.0,False,
964,32.13333333333333,,1.0,True,
965,32.166666666666664,,1.0,False,
966,32.2,,1.0,True,
967,32.233333333333334,,1.0,False,
968,32.266666666666666,,1.0,False,
969,32.3,,1.0,False,
970,32.333333333333336,,1.0,False,
971,32.36666666666667,,0.9857142865657806,True,
972,32.4,,1.0,False,
973,32.43333333333333,,1.0,False,
974,32.46666666666667,,1.0,False,
975,32.5,,1.0,False,
976,32.53333333333333,,1.0,False,
977,32.56666666666666,,1.0,False,
978,32.6,,1.0,False,
979,32.63333333333333,,1.0,False,
980,32.666666666666664,,1.0,False,
981,32.7,,1.0,False,
982,32.733333333333334,,1.0,False,
983,32.766666666666666,,1.0,False,
984,32.8,,1.0,False,
985,32.833333333333336,,1.0,False,
986,32.86666666666667,,1.0,False,
987,32.9,,1.0,False,
988,32.93333333333333,,1.0,False,
989,32.96666666666667,,1.0,False,
990,33.0,,1.0,True,
991,33.03333333333333,,1.0,False,
992,33.06666666666666,,1.0,False,
993,33.1,,1.0,False,
994,33.13333333333333,,1.0,False,
995,33.166666666666664,,1.0,False,
996,33.2,,1.0,True,
997,33.233333333333334,,1.0,False,
998,33.266666666666666,,1.0,False,
999,33.3,,1.0,False,
1000,33.333333333333336,,0.9861111044883728,True,
1001,33.36666666666667,,1.0,False,
1002,33.4,,1.0,False,
1003,33.43333333333333,,1.0,False,
1004,33.46666666666667,,1.0,False,
1005,33.5,,1.0,False,
1006,33.53333333333333,,1.0,False,
1007,33.56666666666666,,1.0,False,
1008,33.6,,1.0,False,
1009,33.63333333333333,,1.0,False,
1010,33.666666666666664,,1.0,True,
1011,33.7,,1.0,False,
1012,33.733333333333334,,1.0,False,
1013,33.766666666666666,,1.0,False,
1014,33.8,,1.0,False,
1015,33.833333333333336,,1.0,False,
1016,33.86666666666667,,1.0,True,
1017,33.9,,1.0,False,
1018,33.93333333333333,,1.0,True,
1019,33.96666666666667,,1.0,False,
1020,34.0,,1.0,True,
1021,34.03333333333333,,1.0,False,
1022,34.06666666666666,,1.0,False,
1023,34.1,,1.0,False,
1024,34.13333333333333,,1.0,False,
1025,34.166666666666664,,1.0,False,
1026,34.2,,1.0,False,
1027,34.233333333333334,,1.0,False,
1028,34.266666666666666,,1.0,False,
1029,34.3,,1.0,False,
1030,34.333333333333336,,1.0,False,
1031,34.36666666666667,,1.0,True,
1032,34.4,,1.0,False,
1033,34.43333333333333,,1.0,True,
1034,34.46666666666667,,1.0,False,
1035,34.5,,1.0,False,
1036,34.53333333333333,,1.0,False,
1037,34.56666666666666,,1.0,True,
1038,34.6,,1.0,False,
1039,34.63333333333333,,1.0,False,
1040,34.666666666666664,,1.0,False,
1041,34.7,,1.0,False,
1042,34.733333333333334,,1.0,False,
1043,34.766666666666666,,1.0,False,
1044,34.8,,1.0,False,
1045,34.833333333333336,,0.9722222089767456,False,
1046,34.86666666666667,,1.0,False,
1047,34.9,,1.0,False,
1048,34.93333333333333,,0.9375,False,
1049,34.96666666666667,,1.0,False,
1050,35.0,,1.0,False,
1051,35.03333333333333,,1.0,True,
1052,35.06666666666666,,1.0,False,
1053,35.1,,1.0,False,
1054,35.13333333333333,,1.0,False,
1055,35.166666666666664,,1.0,False,
1056,35.2,,1.0,False,
1057,35.233333333333334,,1.0,False,
1058,35.266666666666666,,1.0,False,
1059,35.3,,1.0,False,
1060,35.333333333333336,,1.0,False,
1061,35.36666666666667,,1.0,False,
1062,35.4,,1.0,True,
1063,35.43333333333333,,1.0,False,
1064,35.46666666666667,,1.0,False,
1065,35.5,,0.9583333432674408,True,
1066,35.53333333333333,,1.0,False,
1067,35.56666666666666,,1.0,False,
1068,35.6,,1.0,True,
1069,35.63333333333333,,1.0,False,
1070,35.666666666666664,,1.0,False,
1071,35.7,,1.0,True,
1072,35.733333333333334,,1.0,False,
1073,35.766666666666666,,1.0,False,
1074,35.8,,1.0,True,
1075,35.833333333333336,,1.0,False,
1076,35.86666666666667,,1.0,False,
1077,35.9,,1.0,False,
1078,35.93333333333333,,1.0,True,
1079,35.96666666666667,,1.0,False,
1080,36.0,,1.0,False,
1081,36.03333333333333,,1.0,False,
1082,36.06666666666666,,1.0,True,
1083,36.1,,1.0,False,
1084,36.13333333333333,,1.0,False,
1085,36.166666666666664,,1.0,False,
1086,36.2,,1.0,True,
1087,36.233333333333334,,1.0,True,
1088,36.266666666666666,,1.0,False,
1089,36.3,,1.0,False,
1090,36.333333333333336,,1.0,False,
1091,36.36666666666667,,1.0,True,
1092,36.4,,1.0,False,
1093,36.43333333333333,,1.0,False,
1094,36.46666666666667,,1.0,True,
1095,36.5,,1.0,False,
1096,36.53333333333333,,1.0,True,
1097,36.56666666666666,,1.0,False,
1098,36.6,,1.0,False,
1099,36.63333333333333,,1.0,False,
1100,36.666666666666664,,1.0,False,
1101,36.7,,1.0,False,
1102,36.733333333333334,,1.0,False,
1103,36.766666666666666,,1.0,False,
1104,36.8,,1.0,False,
1105,36.833333333333336,,1.0,False,
1106,36.86666666666667,,1.0,False,
1107,36.9,,1.0,True,
1108,36.93333333333333,,1.0,False,
1109,36.96666666666667,,1.0,False,
1110,37.0,,1.0,False,
1111,37.03333333333333,,1.0,False,
1112,37.06666666666666,,1.0,False,
1113,37.1,,1.0,False,
1114,37.13333333333333,,1.0,False,
1115,37.166666666666664,,1.0,True,
1116,37.2,,1.0,False,
1117,37.233333333333334,,1.0,False,
1118,37.266666666666666,,1.0,False,
1119,37.3,,1.0,False,
1120,37.333333333333336,,1.0,False,
1121,37.36666666666667,,1.0,False,
1122,37.4,,1.0,False,
1123,37.43333333333333,,1.0,False,
1124,37.46666666666667,,1.0,True,
1125,37.5,,1.0,False,
1126,37.53333333333333,,1.0,False,
1127,37.56666666666666,,1.0,False,
1128,37.6,,1.0,False,
1129,37.63333333333333,,1.0,False,
1130,37.666666666666664,,1.0,False,
1131,37.7,,1.0,False,
1132,37.733333333333334,,1.0,False,
1133,37.766666666666666,,1.0,False,
1134,37.8,,1.0,False,
1135,37.833333333333336,,1.0,False,
1136,37.86666666666667,,1.0,False,
1137,37.9,,1.0,False,
1138,37.93333333333333,,1.0,False,
1139,37.96666666666667,,1.0,False,
1140,38.0,,1.0,False,
1141,38.03333333333333,,1.0,False,
1142,38.06666666666666,,1.0,False,
1143,38.1,,1.0,False,
1144,38.13333333333333,,1.0,False,
1145,38.166666666666664,,1.0,False,
1146,38.2,,1.0,False,
1147,38.233333333333334,,1.0,False,
1148,38.266666666666666,,1.0,False,
1149,38.3,,0.9861111044883728,True,
1150,38.333333333333336,,1.0,False,
1151,38.36666666666667,,1.0,False,
1152,38.4,,1.0,False,
1153,38.43333333333333,,1.0,False,
1154,38.46666666666667,,1.0,False,
1155,38.5,,1.0,False,
1156,38.53333333333333,,1.0,False,
1157,38.56666666666666,,1.0,False,
1158,38.6,,1.0,False,
1159,38.63333333333333,,1.0,False,
1160,38.666666666666664,,1.0,True,
1161,38.7,,1.0,False,
1162,38.733333333333334,,1.0,True,
1163,38.766666666666666,,1.0,True,
1164,38.8,,1.0,True,
1165,38.833333333333336,,1.0,False,
1166,38.86666666666667,,1.0,True,
1167,38.9,,1.0,False,
1168,38.93333333333333,,1.0,False,
1169,38.96666666666667,,1.0,True,
1170,39.0,,1.0,False,
1171,39.03333333333333,,1.0,False,
1172,39.06666666666666,,1.0,False,
1173,39.1,,1.0,False,
1174,39.13333333333333,,1.0,False,
1175,39.166666666666664,,1.0,False,
1176,39.2,,1.0,True,
1177,39.233333333333334,,1.0,False,
1178,39.266666666666666,,1.0,False,
1179,39.3,,1.0,True,
1180,39.333333333333336,,1.0,False,
1181,39.36666666666667,,1.0,False,
1182,39.4,,1.0,False,
1183,39.43333333333333,,1.0,False,
1184,39.46666666666667,,1.0,False,
1185,39.5,,1.0,False,
1186,39.53333333333333,,1.0,False,
1187,39.56666666666666,,1.0,False,
1188,39.6,,1.0,False,
1189,39.63333333333333,,1.0,False,
1190,39.666666666666664,,1.0,True,
1191,39.7,,1.0,False,
1192,39.733333333333334,,1.0,True,
1193,39.766666666666666,,1.0,False,
1194,39.8,,1.0,False,
1195,39.833333333333336,,1.0,False,
1196,39.86666666666667,,1.0,False,
1197,39.9,,1.0,True,
1198,39.93333333333333,,1.0,False,
1199,39.96666666666667,,1.0,False,
1200,40.0,,0.9861111044883728,True,
1201,40.03333333333333,,1.0,True,
1202,40.06666666666666,,1.0,False,
1203,40.1,,1.0,False,
1204,40.13333333333333,,1.0,False,
1205,40.166666666666664,,1.0,False,
1206,40.2,,1.0,False,
1207,40.233333333333334,,1.0,False,
1208,40.266666666666666,,1.0,False,
1209,40.3,,1.0,False,
1210,40.333333333333336,,1.0,False,
1211,40.36666666666667,,1.0,False,
1212,40.4,,1.0,False,
1213,40.43333333333333,,1.0,False,
1214,40.46666666666667,,1.0,False,
1215,40.5,,1.0,True,
1216,40.53333333333333,,1.0,False,
1217,40.56666666666666,,1.0,False,
1218,40.6,,1.0,False,
1219,40.63333333333333,,1.0,False,
1220,40.666666666666664,,1.0,False,
1221,40.7,,1.0,False,
1222,40.733333333333334,,1.0,False,
1223,40.766666666666666,,1.0,True,
1224,40.8,,1.0,False,
1225,40.833333333333336,,1.0,False,
1226,40.86666666666667,,1.0,False,
1227,40.9,,1.0,False,
1228,40.93333333333333,,1.0,False,
1229,40.96666666666667,,1.0,False,
1230,41.0,,1.0,True,
1231,41.03333333333333,,1.0,False,
1232,41.06666666666666,,1.0,True,
1233,41.1,,1.0,False,
1234,41.13333333333333,,1.0,False,
1235,41.166666666666664,,1.0,False,
1236,41.2,,1.0,False,
1237,41.233333333333334,,1.0,False,
1238,41.266666666666666,,1.0,False,
1239,41.3,,1.0,True,
1240,41.333333333333336,,1.0,False,
1241,41.36666666666667,,1.0,True,
1242,41.4,,1.0,True,
1243,41.43333333333333,,1.0,False,
1244,41.46666666666667,,1.0,False,
1245,41.5,,1.0,True,
1246,41.53333333333333,,1.0,False,
1247,41.56666666666666,,1.0,True,
1248,41.6,,1.0,False,
1249,41.63333333333333,,1.0,True,
1250,41.666666666666664,,1.0,False,
1251,41.7,,1.0,False,
1252,41.733333333333334,,1.0,False,
1253,41.766666666666666,,1.0,False,
1254,41.8,,1.0,False,
1255,41.833333333333336,,1.0,True,
1256,41.86666666666667,,1.0,False,
1257,41.9,,1.0,False,
1258,41.93333333333333,,1.0,False,
1259,41.96666666666667,,1.0,True,
1260,42.0,,1.0,True,
1261,42.03333333333333,,1.0,False,
1262,42.06666666666666,,1.0,False,
1263,42.1,,1.0,False,
1264,42.13333333333333,,1.0,False,
1265,42.166666666666664,,1.0,False,
1266,42.2,,1.0,False,
1267,42.233333333333334,,1.0,False,
1268,42.266666666666666,,1.0,True,
1269,42.3,,1.0,False,
1270,42.333333333333336,,1.0,False,
1271,42.36666666666667,,1.0,False,
1272,42.4,,1.0,True,
1273,42.43333333333333,,1.0,False,
1274,42.46666666666667,,1.0,True,
1275,42.5,,1.0,False,
1276,42.53333333333333,,1.0,False,
1277,42.56666666666666,,1.0,False,
1278,42.6,,0.9861111044883728,True,
1279,42.63333333333333,,1.0,False,
1280,42.666666666666664,,1.0,False,
1281,42.7,,1.0,False,
1282,42.733333333333334,,1.0,False,
1283,42.766666666666666,,1.0,False,
1284,42.8,,1.0,False,
1285,42.833333333333336,,1.0,False,
1286,42.86666666666667,,1.0,False,
1287,42.9,,1.0,False,
1288,42.93333333333333,,1.0,False,
1289,42.96666666666667,,1.0,False,
1290,43.0,,0.9861111044883728,True,
1291,43.03333333333333,,1.0,False,
1292,43.06666666666666,,1.0,False,
1293,43.1,,0.9861111044883728,True,
1294,43.13333333333333,,1.0,False,
1295,43.166666666666664,,1.0,False,
1296,43.2,,1.0,False,
1297,43.233333333333334,,1.0,False,
1298,43.266666666666666,,1.0,False,
1299,43.3,,1.0,False,
1300,43.333333333333336,,1.0,False,
1301,43.36666666666667,,1.0,False,
1302,43.4,,1.0,False,
1303,43.43333333333333,,1.0,False,
1304,43.46666666666667,,1.0,False,
1305,43.5,,1.0,False,
1306,43.53333333333333,,1.0,False,
1307,43.56666666666666,,1.0,False,
1308,43.6,,1.0,False,
1309,43.63333333333333,,1.0,False,
1310,43.666666666666664,,1.0,False,
1311,43.7,,1.0,False,
1312,43.733333333333334,,1.0,False,
1313,43.766666666666666,,1.0,False,
1314,43.8,,1.0,False,
1315,43.833333333333336,,1.0,False,
1316,43.86666666666667,,1.0,False,
1317,43.9,,1.0,False,
1318,43.93333333333333,,1.0,False,
1319,43.96666666666667,,1.0,False,
1320,44.0,,1.0,False,
1321,44.03333333333333,,1.0,False,
1322,44.06666666666666,,1.0,False,
1323,44.1,,1.0,False,
1324,44.13333333333333,,1.0,True,
1325,44.166666666666664,,1.0,True,
1326,44.2,,1.0,False,
1327,44.233333333333334,,1.0,False,
1328,44.266666666666666,,1.0,True,
1329,44.3,,1.0,False,
1330,44.333333333333336,,1.0,False,
1331,44.36666666666667,,1.0,False,
1332,44.4,,1.0,False,
1333,44.43333333333333,,1.0,True,
1334,44.46666666666667,,1.0,False,
1335,44.5,,1.0,False,
1336,44.53333333333333,,1.0,True,
1337,44.56666666666666,,1.0,False,
1338,44.6,,1.0,True,
1339,44.63333333333333,,1.0,False,
1340,44.666666666666664,,1.0,False,
1341,44.7,,1.0,False,
1342,44.733333333333334,,1.0,False,
1343,44.766666666666666,,1.0,False,
1344,44.8,,1.0,False,
1345,44.833333333333336,,1.0,True,
1346,44.86666666666667,,1.0,False,
1347,44.9,,1.0,False,
1348,44.93333333333333,,1.0,False,
1349,44.96666666666667,,1.0,False,
1350,45.0,,1.0,False,
1351,45.03333333333333,,1.0,False,
1352,45.06666666666666,,1.0,False,
1353,45.1,,1.0,True,
1354,45.13333333333333,,1.0,False,
1355,45.166666666666664,,1.0,False,
1356,45.2,,1.0,False,
1357,45.233333333333334,,1.0,False,
1358,45.266666666666666,,1.0,False,
1359,45.3,,1.0,False,
1360,45.333333333333336,,1.0,False,
1361,45.36666666666667,,1.0,True,
1362,45.4,,1.0,False,
1363,45.43333333333333,,1.0,True,
1364,45.46666666666667,,1.0,True,
1365,45.5,,1.0,True,
1366,45.53333333333333,,1.0,True,
1367,45.56666666666666,,1.0,False,
1368,45.6,,1.0,False,
1369,45.63333333333333,,1.0,False,
1370,45.666666666666664,,1.0,False,
1371,45.7,,1.0,True,
1372,45.733333333333334,,1.0,False,
1373,45.766666666666666,,1.0,True,
1374,45.8,,1.0,False,
1375,45.833333333333336,,1.0,True,
1376,45.86666666666667,,1.0,False,
1377,45.9,,1.0,False,
1378,45.93333333333333,,1.0,False,
1379,45.96666666666667,,1.0,False,
1380,46.0,,1.0,False,
1381,46.03333333333333,,1.0,True,
1382,46.06666666666666,,1.0,False,
1383,46.1,,1.0,False,
1384,46.13333333333333,,1.0,False,
1385,46.166666666666664,,1.0,False,
1386,46.2,,0.9861111044883728,True,
1387,46.233333333333334,,1.0,False,
1388,46.266666666666666,,1.0,False,
1389,46.3,,1.0,False,
1390,46.333333333333336,,1.0,False,
1391,46.36666666666667,,1.0,True,
1392,46.4,,1.0,False,
1393,46.43333333333333,,1.0,False,
1394,46.46666666666667,,1.0,False,
1395,46.5,,1.0,True,
1396,46.53333333333333,,1.0,False,
1397,46.56666666666666,,1.0,False,
1398,46.6,,1.0,False,
1399,46.63333333333333,,1.0,False,
1400,46.666666666666664,,1.0,False,
1401,46.7,,1.0,True,
1402,46.733333333333334,,1.0,False,
1403,46.766666666666666,,1.0,False,
1404,46.8,,1.0,False,
1405,46.833333333333336,,1.0,False,
1406,46.86666666666667,,1.0,False,
1407,46.9,,1.0,False,
1408,46.93333333333333,,0.9861111044883728,True,
1409,46.96666666666667,,1.0,False,
1410,47.0,,1.0,False,
1411,47.03333333333333,,1.0,False,
1412,47.06666666666666,,1.0,False,
1413,47.1,,1.0,False,
1414,47.13333333333333,,1.0,False,
1415,47.166666666666664,,1.0,True,
1416,47.2,,1.0,False,
1417,47.233333333333334,,1.0,False,
1418,47.266666666666666,,1.0,False,
1419,47.3,,1.0,False,
1420,47.333333333333336,,1.0,False,
1421,47.36666666666667,,1.0,False,
1422,47.4,,1.0,False,
1423,47.43333333333333,,1.0,False,
1424,47.46666666666667,,1.0,False,
1425,47.5,,1.0,False,
1426,47.53333333333333,,1.0,False,
1427,47.56666666666666,,1.0,False,
1428,47.6,,1.0,False,
1429,47.63333333333333,,1.0,False,
1430,47.666666666666664,,1.0,False,
1431,47.7,,1.0,True,
1432,47.733333333333334,,1.0,False,
1433,47.766666666666666,,1.0,False,
1434,47.8,,1.0,False,
1435,47.833333333333336,,1.0,False,
1436,47.86666666666667,,1.0,False,
1437,47.9,,1.0,False,
1438,47.93333333333333,,1.0,False,
1439,47.96666666666667,,1.0,False,
1440,48.0,,1.0,False,
1441,48.03333333333333,,1.0,False,
1442,48.06666666666666,,1.0,False,
1443,48.1,,1.0,False,
1444,48.13333333333333,,1.0,False,
1445,48.166666666666664,,1.0,False,
1446,48.2,,1.0,False,
1447,48.233333333333334,,1.0,True,
1448,48.266666666666666,,1.0,False,
1449,48.3,,1.0,True,
1450,48.333333333333336,,1.0,False,
1451,48.36666666666667,,1.0,False,
1452,48.4,,1.0,False,
1453,48.43333333333333,,1.0,False,
1454,48.46666666666667,,1.0,False,
1455,48.5,,1.0,False,
1456,48.53333333333333,,1.0,False,
1457,48.56666666666666,,1.0,False,
1458,48.6,,1.0,True,
1459,48.63333333333333,,1.0,False,
1460,48.666666666666664,,1.0,False,
1461,48.7,,1.0,True,
1462,48.733333333333334,,1.0,False,
1463,48.766666666666666,,1.0,False,
1464,48.8,,1.0,False,
1465,48.833333333333336,,1.0,False,
1466,48.86666666666667,,1.0,False,
1467,48.9,,1.0,False,
1468,48.93333333333333,,1.0,False,
1469,48.96666666666667,,1.0,True,
1470,49.0,,1.0,False,
1471,49.03333333333333,,1.0,False,
1472,49.06666666666666,,1.0,False,
1473,49.1,,1.0,False,
1474,49.13333333333333,,1.0,False,
1475,49.166666666666664,,1.0,False,
1476,49.2,,1.0,False,
1477,49.233333333333334,,1.0,False,
1478,49.266666666666666,,1.0,False,
1479,49.3,,1.0,False,
1480,49.333333333333336,,1.0,False,
1481,49.36666666666667,,1.0,False,
1482,49.4,,1.0,False,
1483,49.43333333333333,,1.0,False,
1484,49.46666666666667,,1.0,False,
1485,49.5,,1.0,False,
1486,49.53333333333333,,1.0,False,
1487,49.56666666666666,,1.0,True,
1488,49.6,,1.0,False,
1489,49.63333333333333,,1.0,False,
1490,49.666666666666664,,1.0,False,
1491,49.7,,1.0,False,
1492,49.733333333333334,,1.0,False,
1493,49.766666666666666,,1.0,True,
1494,49.8,,1.0,False,
1495,49.833333333333336,,1.0,False,
1496,49.86666666666667,,1.0,False,
1497,49.9,,1.0,False,
1498,49.93333333333333,,1.0,True,
1499,49.96666666666667,,1.0,False,
1500,50.0,,1.0,False,
1501,50.03333333333333,,1.0,False,
1502,50.06666666666666,,1.0,False,
1503,50.1,,1.0,False,
1504,50.13333333333333,,1.0,False,
1505,50.166666666666664,,1.0,False,
1506,50.2,,1.0,True,
1507,50.233333333333334,,1.0,False,
1508,50.266666666666666,,1.0,False,
1509,50.3,,1.0,False,
1510,50.333333333333336,,1.0,False,
1511,50.36666666666667,,1.0,False,
1512,50.4,,1.0,True,
1513,50.43333333333333,,1.0,False,
1514,50.46666666666667,,1.0,True,
1515,50.5,,1.0,False,
1516,50.53333333333333,,1.0,True,
1517,50.56666666666666,,1.0,True,
1518,50.6,,1.0,True,
1519,50.63333333333333,,1.0,False,
1520,50.666666666666664,,1.0,False,
1521,50.7,,1.0,False,
1522,50.733333333333334,,1.0,False,
1523,50.766666666666666,,1.0,True,
1524,50.8,,1.0,False,
1525,50.833333333333336,,1.0,True,
1526,50.86666666666667,,1.0,True,
1527,50.9,,1.0,False,
1528,50.93333333333333,,1.0,False,
1529,50.96666666666667,,1.0,False,
1530,51.0,,1.0,False,
1531,51.03333333333333,,1.0,False,
1532,51.06666666666666,,1.0,False,
1533,51.1,,1.0,False,
1534,51.13333333333333,,1.0,False,
1535,51.166666666666664,,1.0,False,
1536,51.2,,1.0,True,
1537,51.233333333333334,,1.0,False,
1538,51.266666666666666,,1.0,False,
1539,51.3,,1.0,False,
1540,51.333333333333336,,1.0,False,
1541,51.36666666666667,,1.0,False,
1542,51.4,,1.0,False,
1543,51.43333333333333,,1.0,False,
1544,51.46666666666667,,1.0,False,
1545,51.5,,1.0,False,
1546,51.53333333333333,,1.0,False,
1547,51.56666666666666,,1.0,False,
1548,51.6,,1.0,False,
1549,51.63333333333333,,1.0,False,
1550,51.666666666666664,,1.0,True,
1551,51.7,,1.0,False,
1552,51.733333333333334,,1.0,False,
1553,51.766666666666666,,1.0,False,
1554,51.8,,1.0,False,
1555,51.833333333333336,,1.0,False,
1556,51.86666666666667,,1.0,False,
1557,51.9,,1.0,False,
1558,51.93333333333333,,1.0,False,
1559,51.96666666666667,,1.0,False,
1560,52.0,,1.0,False,
1561,52.03333333333333,,1.0,False,
1562,52.06666666666666,,1.0,False,
1563,52.1,,1.0,False,
1564,52.13333333333333,,1.0,False,
1565,52.166666666666664,,1.0,False,
1566,52.2,,1.0,False,
1567,52.233333333333334,,1.0,False,
1568,52.266666666666666,,1.0,False,
1569,52.3,,1.0,True,
1570,52.333333333333336,,1.0,False,
1571,52.36666666666667,,1.0,False,
1572,52.4,,1.0,True,
1573,52.43333333333333,,1.0,False,
1574,52.46666666666667,,1.0,False,
1575,52.5,,1.0,False,
1576,52.53333333333333,,1.0,False,
1577,52.56666666666666,,1.0,True,
1578,52.6,,1.0,False,
1579,52.63333333333333,,1.0,False,
1580,52.666666666666664,,1.0,False,
1581,52.7,,1.0,True,
1582,52.733333333333334,,1.0,False,
1583,52.766666666666666,,1.0,False,
1584,52.8,,1.0,True,
1585,52.833333333333336,,1.0,False,
1586,52.86666666666667,,1.0,False,
1587,52.9,,1.0,False,
1588,52.93333333333333,,1.0,False,
1589,52.96666666666667,,1.0,False,
1590,53.0,,1.0,False,
1591,53.03333333333333,,1.0,False,
1592,53.06666666666666,,1.0,True,
1593,53.1,,1.0,False,
1594,53.13333333333333,,1.0,False,
1595,53.166666666666664,,1.0,False,
1596,53.2,,1.0,False,
1597,53.233333333333334,,1.0,False,
1598,53.266666666666666,,1.0,False,
1599,53.3,,1.0,False,
1600,53.333333333333336,,1.0,False,
1601,53.36666666666667,,1.0,False,
1602,53.4,,1.0,False,
1603,53.43333333333333,,1.0,False,
1604,53.46666666666667,,1.0,False,
1605,53.5,,1.0,False,
1606,53.53333333333333,,1.0,False,
1607,53.56666666666666,,1.0,True,
1608,53.6,,1.0,False,
1609,53.63333333333333,,1.0,False,
1610,53.666666666666664,,1.0,False,
1611,53.7,,1.0,False,
1612,53.733333333333334,,1.0,False,
1613,53.766666666666666,,1.0,False,
1614,53.8,,1.0,False,
1615,53.833333333333336,,1.0,False,
1616,53.86666666666667,,1.0,False,
1617,53.9,,1.0,False,
1618,53.93333333333333,,1.0,False,
1619,53.96666666666667,,1.0,False,
1620,54.0,,1.0,False,
1621,54.03333333333333,,0.9861111044883728,False,
1622,54.06666666666666,,1.0,False,
1623,54.1,,1.0,False,
1624,54.13333333333333,,0.9722222089767456,False,
1625,54.166666666666664,,1.0,False,
1626,54.2,,1.0,False,
1627,54.233333333333334,,1.0,False,
1628,54.266666666666666,,1.0,False,
1629,54.3,,1.0,False,
1630,54.333333333333336,,1.0,True,
1631,54.36666666666667,,1.0,False,
1632,54.4,,1.0,True,
1633,54.43333333333333,,1.0,False,
1634,54.46666666666667,,1.0,False,
1635,54.5,,1.0,False,
1636,54.53333333333333,,1.0,False,
1637,54.56666666666666,,1.0,False,
1638,54.6,,1.0,False,
1639,54.63333333333333,,1.0,False,
1640,54.666666666666664,,1.0,False,
1641,54.7,,1.0,False,
1642,54.733333333333334,,1.0,False,
1643,54.766666666666666,,1.0,False,
1644,54.8,,0.9444444477558136,False,
1645,54.833333333333336,,1.0,False,
1646,54.86666666666667,,1.0,False,
1647,54.9,,1.0,False,
1648,54.93333333333333,,1.0,False,
1649,54.96666666666667,,1.0,False,
1650,55.0,,1.0,False,
1651,55.03333333333333,,1.0,False,
1652,55.06666666666666,,1.0,False,
1653,55.1,,1.0,False,
1654,55.13333333333333,,1.0,False,
1655,55.166666666666664,,1.0,True,
1656,55.2,,1.0,False,
1657,55.233333333333334,,1.0,False,
1658,55.266666666666666,,1.0,True,
1659,55.3,,1.0,False,
1660,55.333333333333336,,1.0,False,
1661,55.36666666666667,,1.0,False,
1662,55.4,,1.0,False,
1663,55.43333333333333,,1.0,False,
1664,55.46666666666667,,1.0,False,
1665,55.5,,1.0,False,
1666,55.53333333333333,,1.0,False,
1667,55.56666666666666,,1.0,False,
1668,55.6,,1.0,False,
1669,55.63333333333333,,1.0,False,
1670,55.666666666666664,,1.0,False,
1671,55.7,,1.0,False,
1672,55.733333333333334,,1.0,False,
1673,55.766666666666666,,1.0,False,
1674,55.8,,1.0,False,
1675,55.833333333333336,,1.0,False,
1676,55.86666666666667,,1.0,False,
1677,55.9,,1.0,False,
1678,55.93333333333333,,1.0,False,
1679,55.96666666666667,,1.0,False,
1680,56.0,,1.0,False,
1681,56.03333333333333,,1.0,False,
1682,56.06666666666666,,1.0,False,
1683,56.1,,1.0,False,
1684,56.13333333333333,,1.0,True,
1685,56.166666666666664,,1.0,False,
1686,56.2,,1.0,False,
1687,56.233333333333334,,1.0,False,
1688,56.266666666666666,,1.0,False,
1689,56.3,,1.0,False,
1690,56.333333333333336,,1.0,False,
1691,56.36666666666667,,1.0,False,
1692,56.4,,1.0,False,
1693,56.43333333333333,,1.0,False,
1694,56.46666666666667,,1.0,False,
1695,56.5,,1.0,False,
1696,56.53333333333333,,1.0,False,
1697,56.56666666666666,,1.0,False,
1698,56.6,,1.0,False,
1699,56.63333333333333,,1.0,True,
1700,56.666666666666664,,1.0,False,
1701,56.7,,1.0,True,
1702,56.733333333333334,,1.0,False,
1703,56.766666666666666,,1.0,False,
1704,56.8,,1.0,False,
1705,56.833333333333336,,1.0,False,
1706,56.86666666666667,,1.0,True,
1707,56.9,,1.0,False,
1708,56.93333333333333,,1.0,False,
1709,56.96666666666667,,1.0,False,
1710,57.0,,1.0,True,
1711,57.03333333333333,,1.0,False,
1712,57.06666666666666,,1.0,False,
1713,57.1,,1.0,False,
1714,57.13333333333333,,1.0,True,
1715,57.166666666666664,,1.0,False,
1716,57.2,,1.0,False,
1717,57.233333333333334,,1.0,False,
1718,57.266666666666666,,1.0,False,
1719,57.3,,1.0,False,
1720,57.333333333333336,,1.0,False,
1721,57.36666666666667,,1.0,False,
1722,57.4,,1.0,False,
1723,57.43333333333333,,1.0,False,
1724,57.46666666666667,,1.0,False,
1725,57.5,,1.0,False,
1726,57.53333333333333,,1.0,False,
1727,57.56666666666666,,1.0,False,
1728,57.6,,1.0,False,
1729,57.63333333333333,,1.0,False,
1730,57.666666666666664,,1.0,True,
1731,57.7,,1.0,False,
1732,57.733333333333334,,1.0,False,
1733,57.766666666666666,,1.0,False,
1734,57.8,,1.0,False,
1735,57.833333333333336,,1.0,True,
1736,57.86666666666667,,1.0,False,
1737,57.9,,1.0,False,
1738,57.93333333333333,,1.0,False,
1739,57.96666666666667,,1.0,False,
1740,58.0,,1.0,False,
1741,58.03333333333333,,1.0,False,
1742,58.06666666666666,,1.0,False,
1743,58.1,,1.0,False,
1744,58.13333333333333,,1.0,False,
1745,58.166666666666664,,0.9861111044883728,True,
1746,58.2,,1.0,False,
1747,58.233333333333334,,1.0,False,
1748,58.266666666666666,,1.0,False,
1749,58.3,,1.0,False,
1750,58.333333333333336,,1.0,False,
1751,58.36666666666667,,1.0,True,
1752,58.4,,1.0,False,
1753,58.43333333333333,,1.0,False,
1754,58.46666666666667,,1.0,False,
1755,58.5,,1.0,False,
1756,58.53333333333333,,1.0,False,
1757,58.56666666666666,,1.0,False,
1758,58.6,,1.0,False,
1759,58.63333333333333,,1.0,False,
1760,58.666666666666664,,1.0,False,
1761,58.7,,1.0,True,
1762,58.733333333333334,,1.0,False,
1763,58.766666666666666,,1.0,False,
1764,58.8,,1.0,False,
1765,58.833333333333336,,1.0,True,
1766,58.86666666666667,,1.0,False,
1767,58.9,,1.0,False,
1768,58.93333333333333,,1.0,False,
1769,58.96666666666667,,1.0,False,
1770,59.0,,1.0,True,
1771,59.03333333333333,,1.0,False,
1772,59.06666666666666,,1.0,False,
1773,59.1,,1.0,False,
1774,59.13333333333333,,1.0,False,
1775,59.166666666666664,,1.0,False,
1776,59.2,,1.0,True,
1777,59.233333333333334,,1.0,False,
1778,59.266666666666666,,1.0,False,
1779,59.3,,1.0,False,
1780,59.333333333333336,,1.0,False,
1781,59.36666666666667,,1.0,False,
1782,59.4,,1.0,False,
1783,59.43333333333333,,1.0,False,
1784,59.46666666666667,,1.0,False,
1785,59.5,,1.0,False,
1786,59.53333333333333,,1.0,False,
1787,59.56666666666666,,1.0,False,
1788,59.6,,1.0,False,
1789,59.63333333333333,,1.0,False,
1790,59.666666666666664,,1.0,False,
1791,59.7,,1.0,False,
1792,59.733333333333334,,1.0,False,
1793,59.766666666666666,,1.0,False,
1794,59.8,,1.0,True,
1795,59.833333333333336,,1.0,False,
1796,59.86666666666667,,1.0,False,
1797,59.9,,1.0,False,
1798,59.93333333333333,,1.0,False,
1799,59.96666666666667,,1.0,False,
1800,60.0,,1.0,False,
1801,60.03333333333333,,1.0,False,
1802,60.06666666666666,,1.0,False,
1803,60.1,,1.0,False,
1804,60.13333333333333,,1.0,True,
1805,60.166666666666664,,1.0,True,
1806,60.2,,1.0,False,
1807,60.233333333333334,,1.0,False,
1808,60.266666666666666,,1.0,False,
1809,60.3,,1.0,False,
1810,60.333333333333336,,1.0,False,
1811,60.36666666666667,,1.0,False,
1812,60.4,,1.0,False,
1813,60.43333333333333,,1.0,False,
1814,60.46666666666667,,1.0,False,
1815,60.5,,1.0,False,
1816,60.53333333333333,,1.0,False,
1817,60.56666666666666,,1.0,False,
1818,60.6,,1.0,False,
1819,60.63333333333333,,1.0,False,
1820,60.666666666666664,,1.0,False,
1821,60.7,,1.0,False,
1822,60.733333333333334,,1.0,False,
1823,60.766666666666666,,1.0,False,
1824,60.8,,1.0,False,
1825,60.833333333333336,,1.0,False,
1826,60.86666666666667,,1.0,False,
1827,60.9,,1.0,False,
1828,60.93333333333333,,1.0,False,
1829,60.96666666666667,,1.0,False,
1830,61.0,,1.0,False,
1831,61.03333333333333,,1.0,False,
1832,61.06666666666666,,1.0,True,
1833,61.1,,1.0,False,
1834,61.13333333333333,,1.0,False,
1835,61.166666666666664,,0.9444444477558136,False,
1836,61.2,,0.9305555522441864,True,
1837,61.233333333333334,,1.0,False,
1838,61.266666666666666,,1.0,False,
1839,61.3,,0.9861111044883728,False,
1840,61.333333333333336,,0.9722222089767456,False,
1841,61.36666666666667,,0.9722222089767456,False,
1842,61.4,,0.9583333432674408,True,
1843,61.43333333333333,,0.9583333432674408,False,
1844,61.46666666666667,,0.9722222089767456,True,
1845,61.5,,1.0,False,
1846,61.53333333333333,,1.0,False,
1847,61.56666666666666,,1.0,False,
1848,61.6,,1.0,False,
1849,61.63333333333333,,1.0,False,
1850,61.666666666666664,,1.0,False,
1851,61.7,,1.0,False,
1852,61.733333333333334,,1.0,False,
1853,61.766666666666666,,0.875,True,
1854,61.8,,1.0,False,
1855,61.833333333333336,,1.0,False,
1856,61.86666666666667,,1.0,False,
1857,61.9,,1.0,False,
1858,61.93333333333333,,1.0,False,
1859,61.96666666666667,,1.0,False,
1860,62.0,,1.0,False,
1861,62.03333333333333,,1.0,False,
1862,62.06666666666666,,1.0,False,
1863,62.1,,1.0,False,
1864,62.13333333333333,,1.0,False,
1865,62.166666666666664,,1.0,False,
1866,62.2,,1.0,False,
1867,62.233333333333334,,1.0,False,
1868,62.266666666666666,,1.0,False,
1869,62.3,,1.0,True,
1870,62.333333333333336,,1.0,False,
1871,62.36666666666667,,1.0,False,
1872,62.4,,1.0,True,
1873,62.43333333333333,,1.0,False,
1874,62.46666666666667,,1.0,False,
1875,62.5,,1.0,False,
1876,62.53333333333333,,1.0,False,
1877,62.56666666666666,,1.0,False,
1878,62.6,,1.0,False,
1879,62.63333333333333,,1.0,True,
1880,62.666666666666664,,1.0,False,
1881,62.7,,1.0,False,
1882,62.733333333333334,,1.0,False,
1883,62.766666666666666,,1.0,False,
1884,62.8,,1.0,False,
1885,62.833333333333336,,1.0,False,
1886,62.86666666666667,,0.9861111044883728,True,
1887,62.9,,1.0,False,
1888,62.93333333333333,,1.0,False,
1889,62.96666666666667,,1.0,False,
1890,63.0,,1.0,False,
1891,63.03333333333333,,1.0,False,
1892,63.06666666666666,,1.0,True,
1893,63.1,,1.0,False,
1894,63.13333333333333,,1.0,False,
1895,63.166666666666664,,1.0,False,
1896,63.2,,1.0,False,
1897,63.233333333333334,,1.0,True,
1898,63.266666666666666,,1.0,False,
1899,63.3,,1.0,False,
1900,63.333333333333336,,1.0,False,
1901,63.36666666666667,,1.0,True,
1902,63.4,,1.0,False,
1903,63.43333333333333,,1.0,False,
1904,63.46666666666667,,1.0,True,
1905,63.5,,1.0,False,
1906,63.53333333333333,,1.0,False,
1907,63.56666666666666,,1.0,False,
1908,63.6,,1.0,False,
1909,63.63333333333333,,1.0,False,
1910,63.666666666666664,,1.0,False,
1911,63.7,,1.0,True,
1912,63.733333333333334,,1.0,False,
1913,63.766666666666666,,1.0,False,
1914,63.8,,1.0,False,
1915,63.833333333333336,,1.0,False,
1916,63.86666666666667,,1.0,False,
1917,63.9,,1.0,False,
1918,63.93333333333333,,1.0,False,
1919,63.96666666666667,,1.0,True,
1920,64.0,,1.0,False,
1921,64.03333333333333,,1.0,False,
1922,64.06666666666666,,1.0,False,
1923,64.1,,1.0,False,
1924,64.13333333333333,,1.0,False,
1925,64.16666666666667,,1.0,True,
1926,64.2,,1.0,False,
1927,64.23333333333333,,1.0,False,
1928,64.26666666666667,,1.0,False,
1929,64.3,,1.0,False,
1930,64.33333333333333,,1.0,False,
1931,64.36666666666666,,1.0,False,
1932,64.4,,1.0,False,
1933,64.43333333333334,,1.0,False,
1934,64.46666666666667,,1.0,True,
1935,64.5,,1.0,True,
1936,64.53333333333333,,1.0,True,
1937,64.56666666666666,,1.0,False,
1938,64.6,,1.0,False,
1939,64.63333333333333,,1.0,False,
1940,64.66666666666667,,1.0,False,
1941,64.7,,0.9722222089767456,True,
1942,64.73333333333333,,1.0,False,
1943,64.76666666666667,,1.0,False,
1944,64.8,,0.984375,True,
1945,64.83333333333333,,1.0,False,
1946,64.86666666666666,,1.0,False,
1947,64.9,,1.0,False,
1948,64.93333333333334,,1.0,False,
1949,64.96666666666667,,1.0,False,
1950,65.0,,1.0,True,
1951,65.03333333333333,,1.0,False,
1952,65.06666666666666,,1.0,False,
1953,65.1,,1.0,False,
1954,65.13333333333333,,1.0,False,
1955,65.16666666666667,,1.0,False,
1956,65.2,,1.0,False,
1957,65.23333333333333,,1.0,False,
1958,65.26666666666667,,0.9861111044883728,True,
1959,65.3,,1.0,False,
1960,65.33333333333333,,1.0,False,
1961,65.36666666666666,,0.9861111044883728,False,
1962,65.4,,1.0,True,
1963,65.43333333333334,,1.0,True,
1964,65.46666666666667,,1.0,False,
1965,65.5,,1.0,False,
1966,65.53333333333333,,1.0,False,
1967,65.56666666666666,,1.0,False,
1968,65.6,,1.0,False,
1969,65.63333333333333,,1.0,False,
1970,65.66666666666667,,1.0,False,
1971,65.7,,1.0,False,
1972,65.73333333333333,,1.0,False,
1973,65.76666666666667,,0.9861111044883728,True,
1974,65.8,,1.0,False,
1975,65.83333333333333,,1.0,True,
1976,65.86666666666666,,1.0,False,
1977,65.9,,1.0,True,
1978,65.93333333333334,,1.0,False,
1979,65.96666666666667,,1.0,False,
1980,66.0,,1.0,True,
1981,66.03333333333333,,1.0,False,
1982,66.06666666666666,,1.0,False,
1983,66.1,,1.0,False,
1984,66.13333333333333,,1.0,False,
1985,66.16666666666667,,1.0,False,
1986,66.2,,1.0,False,
1987,66.23333333333333,,1.0,False,
1988,66.26666666666667,,1.0,False,
1989,66.3,,1.0,False,
1990,66.33333333333333,,1.0,True,
1991,66.36666666666666,,1.0,True,
1992,66.4,,1.0,False,
1993,66.43333333333334,,1.0,False,
1994,66.46666666666667,,1.0,False,
1995,66.5,,1.0,False,
1996,66.53333333333333,,1.0,False,
1997,66.56666666666666,,1.0,True,
1998,66.6,,1.0,True,
1999,66.63333333333333,,1.0,True,
2000,66.66666666666667,,1.0,False,
2001,66.7,,1.0,False,
2002,66.73333333333333,,1.0,False,
2003,66.76666666666667,,1.0,False,
2004,66.8,,1.0,False,
2005,66.83333333333333,,1.0,False,
2006,66.86666666666666,,0.9583333432674408,True,
2007,66.9,,1.0,False,
2008,66.93333333333334,,1.0,False,
2009,66.96666666666667,,1.0,False,
2010,67.0,,1.0,False,
2011,67.03333333333333,,1.0,False,
2012,67.06666666666666,,1.0,False,
2013,67.1,,1.0,False,
2014,67.13333333333333,,1.0,False,
2015,67.16666666666667,,1.0,False,
2016,67.2,,1.0,False,
2017,67.23333333333333,,1.0,False,
2018,67.26666666666667,,1.0,False,
2019,67.3,,1.0,False,
2020,67.33333333333333,,1.0,False,
2021,67.36666666666666,,1.0,False,
2022,67.4,,1.0,False,
2023,67.43333333333334,,1.0,True,
2024,67.46666666666667,,1.0,False,
2025,67.5,,1.0,False,
2026,67.53333333333333,,1.0,True,
2027,67.56666666666666,,1.0,True,
2028,67.6,,1.0,True,
2029,67.63333333333333,,1.0,False,
2030,67.66666666666667,,1.0,False,
2031,67.7,,1.0,False,
2032,67.73333333333333,,1.0,True,
2033,67.76666666666667,,1.0,False,
2034,67.8,,1.0,False,
2035,67.83333333333333,,1.0,False,
2036,67.86666666666666,,1.0,True,
2037,67.9,,1.0,False,
2038,67.93333333333334,,1.0,False,
2039,67.96666666666667,,1.0,False,
2040,68.0,,1.0,False,
2041,68.03333333333333,,1.0,False,
2042,68.06666666666666,,1.0,False,
2043,68.1,,1.0,False,
2044,68.13333333333333,,1.0,False,
2045,68.16666666666667,,1.0,True,
2046,68.2,,1.0,False,
2047,68.23333333333333,,1.0,False,
2048,68.26666666666667,,1.0,False,
2049,68.3,,1.0,False,
2050,68.33333333333333,,1.0,False,
2051,68.36666666666666,,1.0,True,
2052,68.4,,1.0,False,
2053,68.43333333333334,,1.0,False,
2054,68.46666666666667,,1.0,False,
2055,68.5,,1.0,False,
2056,68.53333333333333,,1.0,False,
2057,68.56666666666666,,1.0,True,
2058,68.6,,1.0,False,
2059,68.63333333333333,,1.0,False,
2060,68.66666666666667,,0.957142859697342,True,
2061,68.7,,1.0,False,
2062,68.73333333333333,,1.0,False,
2063,68.76666666666667,,1.0,False,
2064,68.8,,1.0,False,
2065,68.83333333333333,,1.0,False,
2066,68.86666666666666,,1.0,False,
2067,68.9,,1.0,False,
2068,68.93333333333334,,1.0,False,
2069,68.96666666666667,,1.0,True,
2070,69.0,,1.0,True,
2071,69.03333333333333,,1.0,True,
2072,69.06666666666666,,1.0,True,
2073,69.1,,1.0,True,
2074,69.13333333333333,,1.0,False,
2075,69.16666666666667,,1.0,False,
2076,69.2,,1.0,False,
2077,69.23333333333333,,1.0,False,
2078,69.26666666666667,,1.0,False,
2079,69.3,,1.0,True,
2080,69.33333333333333,,1.0,False,
2081,69.36666666666666,,1.0,False,
2082,69.4,,1.0,False,
2083,69.43333333333334,,1.0,False,
2084,69.46666666666667,,1.0,False,
2085,69.5,,1.0,False,
2086,69.53333333333333,,1.0,False,
2087,69.56666666666666,,1.0,True,
2088,69.6,,1.0,False,
2089,69.63333333333333,,1.0,False,
2090,69.66666666666667,,1.0,True,
2091,69.7,,1.0,False,
2092,69.73333333333333,,1.0,False,
2093,69.76666666666667,,1.0,False,
2094,69.8,,1.0,False,
2095,69.83333333333333,,1.0,True,
2096,69.86666666666666,,1.0,False,
2097,69.9,,1.0,False,
2098,69.93333333333334,,1.0,True,
2099,69.96666666666667,,1.0,False,
2100,70.0,,1.0,False,
2101,70.03333333333333,,1.0,False,
2102,70.06666666666666,,1.0,False,
2103,70.1,,1.0,False,
2104,70.13333333333333,,1.0,True,
2105,70.16666666666667,,1.0,False,
2106,70.2,,1.0,True,
2107,70.23333333333333,,1.0,False,
2108,70.26666666666667,,1.0,True,
2109,70.3,,1.0,False,
2110,70.33333333333333,,1.0,False,
2111,70.36666666666666,,1.0,False,
2112,70.4,,1.0,True,
2113,70.43333333333334,,1.0,False,
2114,70.46666666666667,,1.0,False,
2115,70.5,,1.0,False,
2116,70.53333333333333,,1.0,False,
2117,70.56666666666666,,1.0,False,
2118,70.6,,1.0,False,
2119,70.63333333333333,,1.0,False,
2120,70.66666666666667,,1.0,False,
2121,70.7,,1.0,False,
2122,70.73333333333333,,1.0,False,
2123,70.76666666666667,,1.0,False,
2124,70.8,,1.0,False,
2125,70.83333333333333,,1.0,False,
2126,70.86666666666666,,1.0,False,
2127,70.9,,1.0,False,
2128,70.93333333333334,,1.0,False,
2129,70.96666666666667,,1.0,True,
2130,71.0,,1.0,False,
2131,71.03333333333333,,1.0,False,
2132,71.06666666666666,,1.0,False,
2133,71.1,,1.0,False,
2134,71.13333333333333,,1.0,True,
2135,71.16666666666667,,1.0,False,
2136,71.2,,1.0,False,
2137,71.23333333333333,,1.0,False,
2138,71.26666666666667,,1.0,False,
2139,71.3,,1.0,False,
2140,71.33333333333333,,1.0,False,
2141,71.36666666666666,,1.0,False,
2142,71.4,,1.0,False,
2143,71.43333333333334,,1.0,False,
2144,71.46666666666667,,1.0,False,
2145,71.5,,1.0,False,
2146,71.53333333333333,,1.0,False,
2147,71.56666666666666,,1.0,False,
2148,71.6,,1.0,False,
2149,71.63333333333333,,1.0,False,
2150,71.66666666666667,,1.0,False,
2151,71.7,,1.0,False,
2152,71.73333333333333,,1.0,True,
2153,71.76666666666667,,1.0,False,
2154,71.8,,1.0,False,
2155,71.83333333333333,,1.0,False,
2156,71.86666666666666,,1.0,False,
2157,71.9,,1.0,False,
2158,71.93333333333334,,1.0,False,
2159,71.96666666666667,,1.0,False,
2160,72.0,,1.0,False,
2161,72.03333333333333,,1.0,False,
2162,72.06666666666666,,1.0,False,
2163,72.1,,1.0,False,
2164,72.13333333333333,,1.0,False,
2165,72.16666666666667,,1.0,True,
2166,72.2,,1.0,False,
2167,72.23333333333333,,1.0,False,
2168,72.26666666666667,,1.0,False,
2169,72.3,,1.0,False,
2170,72.33333333333333,,1.0,False,
2171,72.36666666666666,,1.0,False,
2172,72.4,,1.0,False,
2173,72.43333333333334,,1.0,False,
2174,72.46666666666667,,1.0,False,
2175,72.5,,1.0,False,
2176,72.53333333333333,,1.0,False,
2177,72.56666666666666,,1.0,False,
2178,72.6,,1.0,False,
2179,72.63333333333333,,1.0,False,
2180,72.66666666666667,,1.0,False,
2181,72.7,,1.0,False,
2182,72.73333333333333,,1.0,False,
2183,72.76666666666667,,1.0,False,
2184,72.8,,1.0,False,
2185,72.83333333333333,,1.0,False,
2186,72.86666666666666,,1.0,False,
2187,72.9,,1.0,False,
2188,72.93333333333334,,1.0,False,
2189,72.96666666666667,,1.0,False,
2190,73.0,,1.0,False,
2191,73.03333333333333,,1.0,False,
2192,73.06666666666666,,1.0,False,
2193,73.1,,1.0,True,
2194,73.13333333333333,,1.0,False,
2195,73.16666666666667,,1.0,False,
2196,73.2,,1.0,False,
2197,73.23333333333333,,1.0,False,
2198,73.26666666666667,,1.0,False,
2199,73.3,,1.0,False,
2200,73.33333333333333,,1.0,False,
2201,73.36666666666666,,1.0,False,
2202,73.4,,1.0,False,
2203,73.43333333333334,,1.0,False,
2204,73.46666666666667,,1.0,False,
2205,73.5,,0.9861111044883728,True,
2206,73.53333333333333,,1.0,True,
2207,73.56666666666666,,1.0,False,
2208,73.6,,1.0,False,
2209,73.63333333333333,,1.0,True,
2210,73.66666666666667,,1.0,False,
2211,73.7,,1.0,False,
2212,73.73333333333333,,1.0,False,
2213,73.76666666666667,,1.0,False,
2214,73.8,,1.0,False,
2215,73.83333333333333,,1.0,False,
2216,73.86666666666666,,1.0,False,
2217,73.9,,1.0,False,
2218,73.93333333333334,,1.0,True,
2219,73.96666666666667,,1.0,False,
2220,74.0,,1.0,False,
2221,74.03333333333333,,1.0,False,
2222,74.06666666666666,,1.0,False,
2223,74.1,,1.0,False,
2224,74.13333333333333,,1.0,False,
2225,74.16666666666667,,1.0,False,
2226,74.2,,1.0,False,
2227,74.23333333333333,,1.0,False,
2228,74.26666666666667,,1.0,False,
2229,74.3,,1.0,False,
2230,74.33333333333333,,1.0,True,
2231,74.36666666666666,,1.0,False,
2232,74.4,,1.0,False,
2233,74.43333333333334,,1.0,False,
2234,74.46666666666667,,1.0,False,
2235,74.5,,1.0,True,
2236,74.53333333333333,,1.0,False,
2237,74.56666666666666,,1.0,False,
2238,74.6,,1.0,False,
2239,74.63333333333333,,1.0,False,
2240,74.66666666666667,,1.0,False,
2241,74.7,,1.0,True,
2242,74.73333333333333,,1.0,False,
2243,74.76666666666667,,0.9861111044883728,True,
2244,74.8,,1.0,False,
2245,74.83333333333333,,1.0,True,
2246,74.86666666666666,,1.0,False,
2247,74.9,,1.0,False,
2248,74.93333333333334,,1.0,True,
2249,74.96666666666667,,1.0,False,
2250,75.0,,1.0,False,
2251,75.03333333333333,,1.0,False,
2252,75.06666666666666,,1.0,False,
2253,75.1,,1.0,False,
2254,75.13333333333333,,1.0,False,
2255,75.16666666666667,,1.0,False,
2256,75.2,,1.0,False,
2257,75.23333333333333,,1.0,False,
2258,75.26666666666667,,1.0,False,
2259,75.3,,1.0,False,
2260,75.33333333333333,,1.0,False,
2261,75.36666666666666,,1.0,False,
2262,75.4,,1.0,False,
2263,75.43333333333334,,1.0,False,
2264,75.46666666666667,,1.0,False,
2265,75.5,,1.0,False,
2266,75.53333333333333,,1.0,False,
2267,75.56666666666666,,0.9861111044883728,True,
2268,75.6,,1.0,False,
2269,75.63333333333333,,1.0,True,
2270,75.66666666666667,,1.0,False,
2271,75.7,,1.0,True,
2272,75.73333333333333,,1.0,False,
2273,75.76666666666667,,1.0,False,
2274,75.8,,1.0,False,
2275,75.83333333333333,,1.0,False,
2276,75.86666666666666,,1.0,True,
2277,75.9,,1.0,False,
2278,75.93333333333334,,1.0,False,
2279,75.96666666666667,,1.0,True,
2280,76.0,,1.0,False,
2281,76.03333333333333,,1.0,False,
2282,76.06666666666666,,1.0,False,
2283,76.1,,1.0,False,
2284,76.13333333333333,,1.0,False,
2285,76.16666666666667,,1.0,False,
2286,76.2,,1.0,False,
2287,76.23333333333333,,1.0,False,
2288,76.26666666666667,,1.0,False,
2289,76.3,,1.0,False,
2290,76.33333333333333,,1.0,False,
2291,76.36666666666666,,1.0,False,
2292,76.4,,1.0,True,
2293,76.43333333333334,,1.0,False,
2294,76.46666666666667,,1.0,False,
2295,76.5,,1.0,False,
2296,76.53333333333333,,1.0,False,
2297,76.56666666666666,,1.0,True,
2298,76.6,,1.0,True,
2299,76.63333333333333,,1.0,True,
2300,76.66666666666667,,1.0,True,
2301,76.7,,1.0,False,
2302,76.73333333333333,,1.0,False,
2303,76.76666666666667,,1.0,False,
2304,76.8,,1.0,False,
2305,76.83333333333333,,1.0,False,
2306,76.86666666666666,,1.0,False,
2307,76.9,,1.0,False,
2308,76.93333333333334,,1.0,False,
2309,76.96666666666667,,1.0,False,
2310,77.0,,1.0,False,
2311,77.03333333333333,,1.0,False,
2312,77.06666666666666,,1.0,False,
2313,77.1,,1.0,False,
2314,77.13333333333333,,1.0,False,
2315,77.16666666666667,,1.0,False,
2316,77.2,,1.0,False,
2317,77.23333333333333,,1.0,False,
2318,77.26666666666667,,1.0,False,
2319,77.3,,1.0,False,
2320,77.33333333333333,,0.9861111044883728,True,
2321,77.36666666666666,,1.0,True,
2322,77.4,,1.0,False,
2323,77.43333333333334,,1.0,False,
2324,77.46666666666667,,1.0,False,
2325,77.5,,1.0,False,
2326,77.53333333333333,,1.0,False,
2327,77.56666666666666,,1.0,False,
2328,77.6,,1.0,False,
2329,77.63333333333333,,1.0,True,
2330,77.66666666666667,,1.0,False,
2331,77.7,,1.0,False,
2332,77.73333333333333,,1.0,True,
2333,77.76666666666667,,1.0,False,
2334,77.8,,1.0,False,
2335,77.83333333333333,,1.0,False,
2336,77.86666666666666,,1.0,False,
2337,77.9,,1.0,False,
2338,77.93333333333334,,1.0,True,
2339,77.96666666666667,,1.0,False,
2340,78.0,,1.0,False,
2341,78.03333333333333,,1.0,False,
2342,78.06666666666666,,1.0,False,
2343,78.1,,1.0,False,
2344,78.13333333333333,,1.0,False,
2345,78.16666666666667,,1.0,False,
2346,78.2,,0.9583333432674408,False,
2347,78.23333333333333,,1.0,False,
2348,78.26666666666667,,1.0,False,
2349,78.3,,1.0,False,
2350,78.33333333333333,,1.0,False,
2351,78.36666666666666,,1.0,False,
2352,78.4,,1.0,False,
2353,78.43333333333334,,1.0,True,
2354,78.46666666666667,,1.0,False,
2355,78.5,,1.0,False,
2356,78.53333333333333,,1.0,False,
2357,78.56666666666666,,1.0,False,
2358,78.6,,1.0,False,
2359,78.63333333333333,,1.0,False,
2360,78.66666666666667,,1.0,False,
2361,78.7,,1.0,False,
2362,78.73333333333333,,1.0,False,
2363,78.76666666666667,,1.0,False,
2364,78.8,,1.0,False,
2365,78.83333333333333,,1.0,False,
2366,78.86666666666666,,1.0,False,
2367,78.9,,1.0,False,
2368,78.93333333333334,,1.0,False,
2369,78.96666666666667,,1.0,True,
2370,79.0,,1.0,False,
2371,79.03333333333333,,1.0,True,
2372,79.06666666666666,,1.0,False,
2373,79.1,,1.0,False,
2374,79.13333333333333,,1.0,False,
2375,79.16666666666667,,1.0,False,
2376,79.2,,1.0,False,
2377,79.23333333333333,,1.0,False,
2378,79.26666666666667,,1.0,False,
2379,79.3,,1.0,False,
2380,79.33333333333333,,1.0,False,
2381,79.36666666666666,,1.0,False,
2382,79.4,,1.0,False,
2383,79.43333333333334,,1.0,False,
2384,79.46666666666667,,1.0,False,
2385,79.5,,0.9857142865657806,True,
2386,79.53333333333333,,1.0,True,
2387,79.56666666666666,,1.0,False,
2388,79.6,,1.0,False,
2389,79.63333333333333,,1.0,False,
2390,79.66666666666667,,1.0,False,
2391,79.7,,1.0,False,
2392,79.73333333333333,,1.0,False,
2393,79.76666666666667,,1.0,False,
2394,79.8,,1.0,False,
2395,79.83333333333333,,1.0,False,
2396,79.86666666666666,,1.0,False,
2397,79.9,,1.0,False,
2398,79.93333333333334,,1.0,False,
2399,79.96666666666667,,1.0,True,
2400,80.0,,1.0,True,
2401,80.03333333333333,,1.0,False,
2402,80.06666666666666,,1.0,False,
2403,80.1,,1.0,False,
2404,80.13333333333333,,1.0,False,
2405,80.16666666666667,,1.0,False,
2406,80.2,,1.0,False,
2407,80.23333333333333,,1.0,False,
2408,80.26666666666667,,1.0,False,
2409,80.3,,1.0,False,
2410,80.33333333333333,,1.0,False,
2411,80.36666666666666,,1.0,True,
2412,80.4,,1.0,False,
2413,80.43333333333334,,1.0,False,
2414,80.46666666666667,,1.0,False,
2415,80.5,,1.0,True,
2416,80.53333333333333,,1.0,False,
2417,80.56666666666666,,1.0,False,
2418,80.6,,1.0,False,
2419,80.63333333333333,,1.0,False,
2420,80.66666666666667,,1.0,True,
2421,80.7,,1.0,False,
2422,80.73333333333333,,1.0,False,
2423,80.76666666666667,,1.0,False,
2424,80.8,,1.0,False,
2425,80.83333333333333,,1.0,False,
2426,80.86666666666666,,1.0,False,
2427,80.9,,1.0,False,
2428,80.93333333333334,,1.0,False,
2429,80.96666666666667,,0.9861111044883728,True,
2430,81.0,,1.0,False,
2431,81.03333333333333,,1.0,False,
2432,81.06666666666666,,1.0,False,
2433,81.1,,1.0,False,
2434,81.13333333333333,,1.0,False,
2435,81.16666666666667,,1.0,False,
2436,81.2,,1.0,False,
2437,81.23333333333333,,1.0,False,
2438,81.26666666666667,,1.0,False,
2439,81.3,,1.0,False,
2440,81.33333333333333,,1.0,False,
2441,81.36666666666666,,1.0,False,
2442,81.4,,1.0,False,
2443,81.43333333333334,,1.0,True,
2444,81.46666666666667,,1.0,False,
2445,81.5,,1.0,True,
2446,81.53333333333333,,1.0,False,
2447,81.56666666666666,,1.0,False,
2448,81.6,,1.0,False,
2449,81.63333333333333,,1.0,False,
2450,81.66666666666667,,1.0,True,
2451,81.7,,1.0,False,
2452,81.73333333333333,,1.0,False,
2453,81.76666666666667,,1.0,False,
2454,81.8,,1.0,False,
2455,81.83333333333333,,1.0,True,
2456,81.86666666666666,,1.0,False,
2457,81.9,,1.0,False,
2458,81.93333333333334,,1.0,False,
2459,81.96666666666667,,1.0,False,
2460,82.0,,1.0,False,
2461,82.03333333333333,,1.0,False,
2462,82.06666666666666,,1.0,False,
2463,82.1,,1.0,False,
2464,82.13333333333333,,1.0,False,
2465,82.16666666666667,,1.0,False,
2466,82.2,,1.0,False,
2467,82.23333333333333,,1.0,False,
2468,82.26666666666667,,1.0,False,
2469,82.3,,1.0,True,
2470,82.33333333333333,,1.0,False,
2471,82.36666666666666,,1.0,False,
2472,82.4,,1.0,False,
2473,82.43333333333334,,1.0,True,
2474,82.46666666666667,,1.0,False,
2475,82.5,,1.0,False,
2476,82.53333333333333,,1.0,False,
2477,82.56666666666666,,1.0,False,
2478,82.6,,1.0,False,
2479,82.63333333333333,,1.0,True,
2480,82.66666666666667,,1.0,False,
2481,82.7,,1.0,False,
2482,82.73333333333333,,1.0,False,
2483,82.76666666666667,,1.0,False,
2484,82.8,,1.0,False,
2485,82.83333333333333,,1.0,False,
2486,82.86666666666666,,1.0,False,
2487,82.9,,1.0,False,
2488,82.93333333333334,,0.9861111044883728,True,
2489,82.96666666666667,,1.0,False,
2490,83.0,,1.0,False,
2491,83.03333333333333,,1.0,False,
2492,83.06666666666666,,1.0,False,
2493,83.1,,1.0,False,
2494,83.13333333333333,,1.0,False,
2495,83.16666666666667,,1.0,True,
2496,83.2,,1.0,False,
2497,83.23333333333333,,1.0,False,
2498,83.26666666666667,,1.0,False,
2499,83.3,,1.0,False,
2500,83.33333333333333,,1.0,False,
2501,83.36666666666666,,1.0,False,
2502,83.4,,1.0,False,
2503,83.43333333333334,,1.0,False,
2504,83.46666666666667,,1.0,False,
2505,83.5,,1.0,False,
2506,83.53333333333333,,1.0,False,
2507,83.56666666666666,,1.0,False,
2508,83.6,,1.0,False,
2509,83.63333333333333,,1.0,False,
2510,83.66666666666667,,1.0,False,
2511,83.7,,1.0,False,
2512,83.73333333333333,,1.0,False,
2513,83.76666666666667,,1.0,False,
2514,83.8,,1.0,False,
2515,83.83333333333333,,1.0,False,
2516,83.86666666666666,,1.0,False,
2517,83.9,,1.0,False,
2518,83.93333333333334,,1.0,False,
2519,83.96666666666667,,1.0,False,
2520,84.0,,1.0,False,
2521,84.03333333333333,,1.0,False,
2522,84.06666666666666,,1.0,False,
2523,84.1,,1.0,False,
2524,84.13333333333333,,1.0,False,
2525,84.16666666666667,,1.0,False,
2526,84.2,,1.0,False,
2527,84.23333333333333,,1.0,True,
2528,84.26666666666667,,1.0,True,
2529,84.3,,1.0,True,
2530,84.33333333333333,,1.0,False,
2531,84.36666666666666,,1.0,False,
2532,84.4,,1.0,False,
2533,84.43333333333334,,1.0,False,
2534,84.46666666666667,,1.0,False,
2535,84.5,,1.0,False,
2536,84.53333333333333,,1.0,False,
2537,84.56666666666666,,1.0,False,
2538,84.6,,1.0,False,
2539,84.63333333333333,,1.0,True,
2540,84.66666666666667,,1.0,True,
2541,84.7,,1.0,False,
2542,84.73333333333333,,1.0,False,
2543,84.76666666666667,,1.0,False,
2544,84.8,,1.0,False,
2545,84.83333333333333,,1.0,False,
2546,84.86666666666666,,1.0,True,
2547,84.9,,1.0,False,
2548,84.93333333333334,,1.0,False,
2549,84.96666666666667,,1.0,False,
2550,85.0,,1.0,True,
2551,85.03333333333333,,1.0,False,
2552,85.06666666666666,,1.0,False,
2553,85.1,,1.0,False,
2554,85.13333333333333,,0.9861111044883728,True,
2555,85.16666666666667,,1.0,False,
2556,85.2,,1.0,False,
2557,85.23333333333333,,1.0,False,
2558,85.26666666666667,,1.0,False,
2559,85.3,,1.0,False,
2560,85.33333333333333,,1.0,True,
2561,85.36666666666666,,1.0,False,
2562,85.4,,1.0,True,
2563,85.43333333333334,,1.0,False,
2564,85.46666666666667,,1.0,True,
2565,85.5,,1.0,False,
2566,85.53333333333333,,1.0,False,
2567,85.56666666666666,,1.0,False,
2568,85.6,,1.0,False,
2569,85.63333333333333,,1.0,True,
2570,85.66666666666667,,1.0,False,
2571,85.7,,1.0,False,
2572,85.73333333333333,,1.0,False,
2573,85.76666666666667,,1.0,True,
2574,85.8,,1.0,True,
2575,85.83333333333333,,1.0,False,
2576,85.86666666666666,,1.0,False,
2577,85.9,,1.0,False,
2578,85.93333333333334,,1.0,False,
2579,85.96666666666667,,1.0,False,
2580,86.0,,1.0,False,
2581,86.03333333333333,,1.0,False,
2582,86.06666666666666,,1.0,False,
2583,86.1,,1.0,False,
2584,86.13333333333333,,1.0,False,
2585,86.16666666666667,,1.0,False,
2586,86.2,,1.0,False,
2587,86.23333333333333,,1.0,False,
2588,86.26666666666667,,1.0,False,
2589,86.3,,1.0,False,
2590,86.33333333333333,,1.0,False,
2591,86.36666666666666,,1.0,False,
2592,86.4,,0.9027777910232544,True,
2593,86.43333333333334,,1.0,False,
2594,86.46666666666667,,1.0,False,
2595,86.5,,1.0,True,
2596,86.53333333333333,,1.0,False,
2597,86.56666666666666,,1.0,False,
2598,86.6,,1.0,True,
2599,86.63333333333333,,1.0,False,
2600,86.66666666666667,,1.0,False,
2601,86.7,,1.0,True,
2602,86.73333333333333,,1.0,False,
2603,86.76666666666667,,1.0,False,
2604,86.8,,1.0,False,
2605,86.83333333333333,,1.0,True,
2606,86.86666666666666,,1.0,False,
2607,86.9,,1.0,False,
2608,86.93333333333334,,1.0,False,
2609,86.96666666666667,,1.0,True,
2610,87.0,,1.0,False,
2611,87.03333333333333,,1.0,False,
2612,87.06666666666666,,1.0,False,
2613,87.1,,1.0,False,
2614,87.13333333333333,,1.0,True,
2615,87.16666666666667,,1.0,False,
2616,87.2,,1.0,False,
2617,87.23333333333333,,1.0,False,
2618,87.26666666666667,,1.0,False,
2619,87.3,,1.0,False,
2620,87.33333333333333,,1.0,False,
2621,87.36666666666666,,1.0,True,
2622,87.4,,0.9861111044883728,True,
2623,87.43333333333334,,1.0,True,
2624,87.46666666666667,,1.0,False,
2625,87.5,,1.0,True,
2626,87.53333333333333,,1.0,True,
2627,87.56666666666666,,1.0,False,
2628,87.6,,1.0,True,
2629,87.63333333333333,,1.0,False,
2630,87.66666666666667,,1.0,False,
2631,87.7,,1.0,False,
2632,87.73333333333333,,1.0,False,
2633,87.76666666666667,,1.0,False,
2634,87.8,,1.0,False,
2635,87.83333333333333,,1.0,False,
2636,87.86666666666666,,1.0,True,
2637,87.9,,1.0,False,
2638,87.93333333333334,,1.0,False,
2639,87.96666666666667,,1.0,True,
2640,88.0,,1.0,False,
2641,88.03333333333333,,1.0,False,
2642,88.06666666666666,,1.0,False,
2643,88.1,,1.0,False,
2644,88.13333333333333,,1.0,False,
2645,88.16666666666667,,1.0,False,
2646,88.2,,1.0,False,
2647,88.23333333333333,,1.0,False,
2648,88.26666666666667,,1.0,False,
2649,88.3,,1.0,False,
2650,88.33333333333333,,1.0,False,
2651,88.36666666666666,,1.0,False,
2652,88.4,,1.0,False,
2653,88.43333333333334,,1.0,False,
2654,88.46666666666667,,1.0,False,
2655,88.5,,1.0,False,
2656,88.53333333333333,,1.0,True,
2657,88.56666666666666,,1.0,False,
2658,88.6,,1.0,True,
2659,88.63333333333333,,1.0,False,
2660,88.66666666666667,,1.0,True,
2661,88.7,,1.0,False,
2662,88.73333333333333,,1.0,False,
2663,88.76666666666667,,1.0,False,
2664,88.8,,1.0,False,
2665,88.83333333333333,,1.0,False,
2666,88.86666666666666,,1.0,False,
2667,88.9,,1.0,False,
2668,88.93333333333334,,1.0,False,
2669,88.96666666666667,,1.0,True,
2670,89.0,,1.0,False,
2671,89.03333333333333,,1.0,False,
2672,89.06666666666666,,1.0,True,
2673,89.1,,1.0,False,
2674,89.13333333333333,,1.0,False,
2675,89.16666666666667,,1.0,False,
2676,89.2,,1.0,False,
2677,89.23333333333333,,1.0,False,
2678,89.26666666666667,,1.0,False,
2679,89.3,,1.0,False,
2680,89.33333333333333,,0.9861111044883728,True,
2681,89.36666666666666,,1.0,False,
2682,89.4,,1.0,False,
2683,89.43333333333334,,1.0,False,
2684,89.46666666666667,,1.0,False,
2685,89.5,,1.0,False,
2686,89.53333333333333,,1.0,False,
2687,89.56666666666666,,1.0,False,
2688,89.6,,1.0,False,
2689,89.63333333333333,,1.0,True,
2690,89.66666666666667,,1.0,False,
2691,89.7,,1.0,False,
2692,89.73333333333333,,1.0,False,
2693,89.76666666666667,,1.0,False,
2694,89.8,,1.0,False,
2695,89.83333333333333,,1.0,False,
2696,89.86666666666666,,1.0,False,
2697,89.9,,1.0,True,
2698,89.93333333333334,,1.0,True,
2699,89.96666666666667,,1.0,False,
2700,90.0,,1.0,False,
2701,90.03333333333333,,1.0,False,
2702,90.06666666666666,,1.0,True,
2703,90.1,,1.0,False,
2704,90.13333333333333,,1.0,False,
2705,90.16666666666669,,1.0,True,
2706,90.2,,1.0,True,
2707,90.23333333333332,,1.0,False,
2708,90.26666666666668,,1.0,True,
2709,90.3,,1.0,True,
2710,90.33333333333331,,1.0,False,
2711,90.36666666666666,,1.0,False,
2712,90.4,,1.0,False,
2713,90.43333333333334,,1.0,False,
2714,90.46666666666668,,1.0,False,
2715,90.5,,1.0,True,
2716,90.53333333333332,,1.0,False,
2717,90.56666666666666,,1.0,False,
2718,90.6,,1.0,False,
2719,90.63333333333333,,1.0,False,
2720,90.66666666666669,,1.0,False,
2721,90.7,,1.0,False,
2722,90.73333333333332,,1.0,False,
2723,90.76666666666668,,1.0,False,
2724,90.8,,1.0,False,
2725,90.83333333333331,,1.0,False,
2726,90.86666666666666,,1.0,False,
2727,90.9,,1.0,False,
2728,90.93333333333334,,1.0,False,
2729,90.96666666666668,,1.0,False,
2730,91.0,,1.0,False,
2731,91.03333333333332,,1.0,False,
2732,91.06666666666666,,1.0,False,
2733,91.1,,1.0,True,
2734,91.13333333333333,,1.0,False,
2735,91.16666666666669,,1.0,False,
2736,91.2,,1.0,False,
2737,91.23333333333332,,1.0,False,
2738,91.26666666666668,,1.0,True,
2739,91.3,,1.0,False,
2740,91.33333333333331,,1.0,False,
2741,91.36666666666666,,1.0,False,
2742,91.4,,1.0,False,
2743,91.43333333333334,,1.0,False,
2744,91.46666666666668,,1.0,False,
2745,91.5,,1.0,False,
2746,91.53333333333332,,1.0,False,
2747,91.56666666666666,,1.0,False,
2748,91.6,,0.9861111044883728,True,
2749,91.63333333333333,,1.0,True,
2750,91.66666666666669,,1.0,False,
2751,91.7,,1.0,False,
2752,91.73333333333332,,1.0,False,
2753,91.76666666666668,,1.0,False,
2754,91.8,,1.0,True,
2755,91.83333333333331,,1.0,False,
2756,91.86666666666666,,1.0,False,
2757,91.9,,1.0,False,
2758,91.93333333333334,,1.0,False,
2759,91.96666666666668,,1.0,True,
2760,92.0,,1.0,False,
2761,92.03333333333332,,1.0,False,
2762,92.06666666666666,,1.0,False,
2763,92.1,,1.0,False,
2764,92.13333333333333,,1.0,False,
2765,92.16666666666669,,1.0,False,
2766,92.2,,1.0,False,
2767,92.23333333333332,,1.0,False,
2768,92.26666666666668,,1.0,False,
2769,92.3,,1.0,False,
2770,92.33333333333331,,1.0,False,
2771,92.36666666666666,,1.0,False,
2772,92.4,,1.0,False,
2773,92.43333333333334,,1.0,False,
2774,92.46666666666668,,1.0,False,
2775,92.5,,1.0,False,
2776,92.53333333333332,,1.0,False,
2777,92.56666666666666,,1.0,False,
2778,92.6,,1.0,False,
2779,92.63333333333333,,1.0,False,
2780,92.66666666666669,,1.0,False,
2781,92.7,,1.0,False,
2782,92.73333333333332,,1.0,False,
2783,92.76666666666668,,1.0,True,
2784,92.8,,1.0,False,
2785,92.83333333333331,,1.0,False,
2786,92.86666666666666,,1.0,False,
2787,92.9,,1.0,False,
2788,92.93333333333334,,1.0,False,
2789,92.96666666666668,,1.0,True,
2790,93.0,,1.0,False,
2791,93.03333333333332,,1.0,False,
2792,93.06666666666666,,1.0,False,
2793,93.1,,1.0,False,
2794,93.13333333333333,,1.0,False,
2795,93.16666666666669,,1.0,True,
2796,93.2,,1.0,False,
2797,93.23333333333332,,1.0,False,
2798,93.26666666666668,,1.0,False,
2799,93.3,,1.0,False,
2800,93.33333333333331,,1.0,False,
2801,93.36666666666666,,1.0,False,
2802,93.4,,1.0,False,
2803,93.43333333333334,,1.0,False,
2804,93.46666666666668,,1.0,False,
2805,93.5,,1.0,False,
2806,93.53333333333332,,1.0,False,
2807,93.56666666666666,,1.0,False,
2808,93.6,,1.0,False,
2809,93.63333333333333,,1.0,False,
2810,93.66666666666669,,1.0,False,
2811,93.7,,0.9861111044883728,True,
2812,93.73333333333332,,1.0,False,
2813,93.76666666666668,,1.0,False,
2814,93.8,,1.0,False,
2815,93.83333333333331,,1.0,False,
2816,93.86666666666666,,1.0,False,
2817,93.9,,1.0,False,
2818,93.93333333333334,,1.0,False,
2819,93.96666666666668,,1.0,False,
2820,94.0,,1.0,False,
2821,94.03333333333332,,1.0,False,
2822,94.06666666666666,,1.0,False,
2823,94.1,,1.0,True,
2824,94.13333333333333,,1.0,False,
2825,94.16666666666669,,1.0,False,
2826,94.2,,1.0,False,
2827,94.23333333333332,,1.0,False,
2828,94.26666666666668,,1.0,True,
2829,94.3,,1.0,False,
2830,94.33333333333331,,1.0,False,
2831,94.36666666666666,,1.0,False,
2832,94.4,,1.0,False,
2833,94.43333333333334,,1.0,False,
2834,94.46666666666668,,1.0,False,
2835,94.5,,1.0,False,
2836,94.53333333333332,,1.0,False,
2837,94.56666666666666,,1.0,False,
2838,94.6,,0.9861111044883728,True,
2839,94.63333333333333,,1.0,False,
2840,94.66666666666669,,1.0,False,
2841,94.7,,1.0,False,
2842,94.73333333333332,,1.0,False,
2843,94.76666666666668,,1.0,True,
2844,94.8,,1.0,False,
2845,94.83333333333331,,1.0,True,
2846,94.86666666666666,,1.0,False,
2847,94.9,,1.0,False,
2848,94.93333333333334,,1.0,False,
2849,94.96666666666668,,1.0,False,
2850,95.0,,1.0,False,
2851,95.03333333333332,,1.0,False,
2852,95.06666666666666,,1.0,False,
2853,95.1,,1.0,False,
2854,95.13333333333333,,1.0,False,
2855,95.16666666666669,,1.0,False,
2856,95.2,,0.9861111044883728,True,
2857,95.23333333333332,,1.0,False,
2858,95.26666666666668,,1.0,False,
2859,95.3,,1.0,False,
2860,95.33333333333331,,1.0,False,
2861,95.36666666666666,,1.0,False,
2862,95.4,,1.0,False,
